ERROR - 2026-06-17 15:44:02 --> Error connecting to the database: mysqli_sql_exception: No connection could be made because the target machine actively refused it in C:\xampp\htdocs\lab11_php_ci\ci4\system\Database\MySQLi\Connection.php:201
Stack trace:
#0 C:\xampp\htdocs\lab11_php_ci\ci4\system\Database\MySQLi\Connection.php(201): mysqli->real_connect('localhost', 'root', Object(SensitiveParameterValue), 'ci4', 3306, '', 0)
#1 C:\xampp\htdocs\lab11_php_ci\ci4\system\Database\BaseConnection.php(419): CodeIgniter\Database\MySQLi\Connection->connect(false)
#2 C:\xampp\htdocs\lab11_php_ci\ci4\system\Database\BaseConnection.php(654): CodeIgniter\Database\BaseConnection->initialize()
#3 C:\xampp\htdocs\lab11_php_ci\ci4\system\Database\BaseConnection.php(1565): CodeIgniter\Database\BaseConnection->query('SHOW TABLES FRO...')
#4 C:\xampp\htdocs\lab11_php_ci\ci4\system\Commands\Database\ShowTableInfo.php(121): CodeIgniter\Database\BaseConnection->listTables()
#5 C:\xampp\htdocs\lab11_php_ci\ci4\system\CLI\Commands.php(74): CodeIgniter\Commands\Database\ShowTableInfo->run(Array)
#6 C:\xampp\htdocs\lab11_php_ci\ci4\system\CLI\Console.php(47): CodeIgniter\CLI\Commands->run('db:table', Array)
#7 C:\xampp\htdocs\lab11_php_ci\ci4\system\Boot.php(442): CodeIgniter\CLI\Console->run()
#8 C:\xampp\htdocs\lab11_php_ci\ci4\system\Boot.php(166): CodeIgniter\Boot::runCommand(Object(CodeIgniter\CLI\Console))
#9 C:\xampp\htdocs\lab11_php_ci\ci4\spark(87): CodeIgniter\Boot::bootSpark(Object(Config\Paths))
#10 {main}

Next CodeIgniter\Database\Exceptions\DatabaseException: No connection could be made because the target machine actively refused it in C:\xampp\htdocs\lab11_php_ci\ci4\system\Database\MySQLi\Connection.php:231
Stack trace:
#0 C:\xampp\htdocs\lab11_php_ci\ci4\system\Database\BaseConnection.php(419): CodeIgniter\Database\MySQLi\Connection->connect(false)
#1 C:\xampp\htdocs\lab11_php_ci\ci4\system\Database\BaseConnection.php(654): CodeIgniter\Database\BaseConnection->initialize()
#2 C:\xampp\htdocs\lab11_php_ci\ci4\system\Database\BaseConnection.php(1565): CodeIgniter\Database\BaseConnection->query('SHOW TABLES FRO...')
#3 C:\xampp\htdocs\lab11_php_ci\ci4\system\Commands\Database\ShowTableInfo.php(121): CodeIgniter\Database\BaseConnection->listTables()
#4 C:\xampp\htdocs\lab11_php_ci\ci4\system\CLI\Commands.php(74): CodeIgniter\Commands\Database\ShowTableInfo->run(Array)
#5 C:\xampp\htdocs\lab11_php_ci\ci4\system\CLI\Console.php(47): CodeIgniter\CLI\Commands->run('db:table', Array)
#6 C:\xampp\htdocs\lab11_php_ci\ci4\system\Boot.php(442): CodeIgniter\CLI\Console->run()
#7 C:\xampp\htdocs\lab11_php_ci\ci4\system\Boot.php(166): CodeIgniter\Boot::runCommand(Object(CodeIgniter\CLI\Console))
#8 C:\xampp\htdocs\lab11_php_ci\ci4\spark(87): CodeIgniter\Boot::bootSpark(Object(Config\Paths))
#9 {main}
CRITICAL - 2026-06-17 15:44:02 --> CodeIgniter\Database\Exceptions\DatabaseException: Unable to connect to the database.
Main connection [MySQLi]: No connection could be made because the target machine actively refused it
[Method: CLI, Route: db:table]
in SYSTEMPATH\Database\BaseConnection.php on line 465.
 1 SYSTEMPATH\Database\BaseConnection.php(654): CodeIgniter\Database\BaseConnection->initialize()
 2 SYSTEMPATH\Database\BaseConnection.php(1565): CodeIgniter\Database\BaseConnection->query('SHOW TABLES FROM `ci4`')
 3 SYSTEMPATH\Commands\Database\ShowTableInfo.php(121): CodeIgniter\Database\BaseConnection->listTables()
 4 SYSTEMPATH\CLI\Commands.php(74): CodeIgniter\Commands\Database\ShowTableInfo->run([...])
 5 SYSTEMPATH\CLI\Console.php(47): CodeIgniter\CLI\Commands->run('db:table', [...])
 6 SYSTEMPATH\Boot.php(442): CodeIgniter\CLI\Console->run()
 7 SYSTEMPATH\Boot.php(166): CodeIgniter\Boot::runCommand(Object(CodeIgniter\CLI\Console))
 8 ROOTPATH\spark(87): CodeIgniter\Boot::bootSpark(Object(Config\Paths))
ERROR - 2026-06-17 16:07:39 --> Error connecting to the database: mysqli_sql_exception: No connection could be made because the target machine actively refused it in C:\xampp\htdocs\lab11_php_ci\ci4\system\Database\MySQLi\Connection.php:201
Stack trace:
#0 C:\xampp\htdocs\lab11_php_ci\ci4\system\Database\MySQLi\Connection.php(201): mysqli->real_connect('localhost', 'root', Object(SensitiveParameterValue), 'ci4', 3306, '', 0)
#1 C:\xampp\htdocs\lab11_php_ci\ci4\system\Database\BaseConnection.php(419): CodeIgniter\Database\MySQLi\Connection->connect(false)
#2 C:\xampp\htdocs\lab11_php_ci\ci4\system\Database\BaseConnection.php(654): CodeIgniter\Database\BaseConnection->initialize()
#3 C:\xampp\htdocs\lab11_php_ci\ci4\system\Database\BaseBuilder.php(1649): CodeIgniter\Database\BaseConnection->query('SELECT *\nFROM `...', Array, false)
#4 C:\xampp\htdocs\lab11_php_ci\ci4\system\Model.php(254): CodeIgniter\Database\BaseBuilder->get()
#5 C:\xampp\htdocs\lab11_php_ci\ci4\system\BaseModel.php(675): CodeIgniter\Model->doFindAll(0, 0)
#6 C:\xampp\htdocs\lab11_php_ci\ci4\app\Cells\ArtikelTerkini.php(19): CodeIgniter\BaseModel->findAll()
#7 C:\xampp\htdocs\lab11_php_ci\ci4\system\View\Cell.php(304): App\Cells\ArtikelTerkini->render()
#8 C:\xampp\htdocs\lab11_php_ci\ci4\system\View\Cell.php(106): CodeIgniter\View\Cell->renderSimpleClass(Object(App\Cells\ArtikelTerkini), 'render', Array, 'App\\Cells\\Artik...')
#9 C:\xampp\htdocs\lab11_php_ci\ci4\system\Common.php(1266): CodeIgniter\View\Cell->render('App\\Cells\\Artik...', Array, 0, 'AppCellsArtikel...')
#10 C:\xampp\htdocs\lab11_php_ci\ci4\app\Views\layout\main.php(37): view_cell('App\\Cells\\Artik...')
#11 C:\xampp\htdocs\lab11_php_ci\ci4\system\View\View.php(238): include('C:\\xampp\\htdocs...')
#12 C:\xampp\htdocs\lab11_php_ci\ci4\system\View\View.php(241): CodeIgniter\View\View->CodeIgniter\View\{closure}()
#13 C:\xampp\htdocs\lab11_php_ci\ci4\system\View\View.php(254): CodeIgniter\View\View->render('layout/main', Array, true)
#14 C:\xampp\htdocs\lab11_php_ci\ci4\system\Common.php(1250): CodeIgniter\View\View->render('home', Array, true)
#15 C:\xampp\htdocs\lab11_php_ci\ci4\app\Controllers\Page.php(9): view('home', Array)
#16 C:\xampp\htdocs\lab11_php_ci\ci4\system\CodeIgniter.php(951): App\Controllers\Page->index()
#17 C:\xampp\htdocs\lab11_php_ci\ci4\system\CodeIgniter.php(497): CodeIgniter\CodeIgniter->runController(Object(App\Controllers\Page))
#18 C:\xampp\htdocs\lab11_php_ci\ci4\system\CodeIgniter.php(340): CodeIgniter\CodeIgniter->handleRequest(NULL, Object(Config\Cache), false)
#19 C:\xampp\htdocs\lab11_php_ci\ci4\system\Boot.php(417): CodeIgniter\CodeIgniter->run()
#20 C:\xampp\htdocs\lab11_php_ci\ci4\system\Boot.php(68): CodeIgniter\Boot::runCodeIgniter(Object(CodeIgniter\CodeIgniter))
#21 C:\xampp\htdocs\lab11_php_ci\ci4\public\index.php(71): CodeIgniter\Boot::bootWeb(Object(Config\Paths))
#22 C:\xampp\htdocs\lab11_php_ci\ci4\system\rewrite.php(44): require_once('C:\\xampp\\htdocs...')
#23 {main}

Next CodeIgniter\Database\Exceptions\DatabaseException: No connection could be made because the target machine actively refused it in C:\xampp\htdocs\lab11_php_ci\ci4\system\Database\MySQLi\Connection.php:231
Stack trace:
#0 C:\xampp\htdocs\lab11_php_ci\ci4\system\Database\BaseConnection.php(419): CodeIgniter\Database\MySQLi\Connection->connect(false)
#1 C:\xampp\htdocs\lab11_php_ci\ci4\system\Database\BaseConnection.php(654): CodeIgniter\Database\BaseConnection->initialize()
#2 C:\xampp\htdocs\lab11_php_ci\ci4\system\Database\BaseBuilder.php(1649): CodeIgniter\Database\BaseConnection->query('SELECT *\nFROM `...', Array, false)
#3 C:\xampp\htdocs\lab11_php_ci\ci4\system\Model.php(254): CodeIgniter\Database\BaseBuilder->get()
#4 C:\xampp\htdocs\lab11_php_ci\ci4\system\BaseModel.php(675): CodeIgniter\Model->doFindAll(0, 0)
#5 C:\xampp\htdocs\lab11_php_ci\ci4\app\Cells\ArtikelTerkini.php(19): CodeIgniter\BaseModel->findAll()
#6 C:\xampp\htdocs\lab11_php_ci\ci4\system\View\Cell.php(304): App\Cells\ArtikelTerkini->render()
#7 C:\xampp\htdocs\lab11_php_ci\ci4\system\View\Cell.php(106): CodeIgniter\View\Cell->renderSimpleClass(Object(App\Cells\ArtikelTerkini), 'render', Array, 'App\\Cells\\Artik...')
#8 C:\xampp\htdocs\lab11_php_ci\ci4\system\Common.php(1266): CodeIgniter\View\Cell->render('App\\Cells\\Artik...', Array, 0, 'AppCellsArtikel...')
#9 C:\xampp\htdocs\lab11_php_ci\ci4\app\Views\layout\main.php(37): view_cell('App\\Cells\\Artik...')
#10 C:\xampp\htdocs\lab11_php_ci\ci4\system\View\View.php(238): include('C:\\xampp\\htdocs...')
#11 C:\xampp\htdocs\lab11_php_ci\ci4\system\View\View.php(241): CodeIgniter\View\View->CodeIgniter\View\{closure}()
#12 C:\xampp\htdocs\lab11_php_ci\ci4\system\View\View.php(254): CodeIgniter\View\View->render('layout/main', Array, true)
#13 C:\xampp\htdocs\lab11_php_ci\ci4\system\Common.php(1250): CodeIgniter\View\View->render('home', Array, true)
#14 C:\xampp\htdocs\lab11_php_ci\ci4\app\Controllers\Page.php(9): view('home', Array)
#15 C:\xampp\htdocs\lab11_php_ci\ci4\system\CodeIgniter.php(951): App\Controllers\Page->index()
#16 C:\xampp\htdocs\lab11_php_ci\ci4\system\CodeIgniter.php(497): CodeIgniter\CodeIgniter->runController(Object(App\Controllers\Page))
#17 C:\xampp\htdocs\lab11_php_ci\ci4\system\CodeIgniter.php(340): CodeIgniter\CodeIgniter->handleRequest(NULL, Object(Config\Cache), false)
#18 C:\xampp\htdocs\lab11_php_ci\ci4\system\Boot.php(417): CodeIgniter\CodeIgniter->run()
#19 C:\xampp\htdocs\lab11_php_ci\ci4\system\Boot.php(68): CodeIgniter\Boot::runCodeIgniter(Object(CodeIgniter\CodeIgniter))
#20 C:\xampp\htdocs\lab11_php_ci\ci4\public\index.php(71): CodeIgniter\Boot::bootWeb(Object(Config\Paths))
#21 C:\xampp\htdocs\lab11_php_ci\ci4\system\rewrite.php(44): require_once('C:\\xampp\\htdocs...')
#22 {main}
CRITICAL - 2026-06-17 16:07:39 --> CodeIgniter\Database\Exceptions\DatabaseException: Unable to connect to the database.
Main connection [MySQLi]: No connection could be made because the target machine actively refused it
[Method: GET, Route: /]
in SYSTEMPATH\Database\BaseConnection.php on line 465.
 1 SYSTEMPATH\Database\BaseConnection.php(654): CodeIgniter\Database\BaseConnection->initialize()
 2 SYSTEMPATH\Database\BaseBuilder.php(1649): CodeIgniter\Database\BaseConnection->query('SELECT *
FROM `artikel`
ORDER BY `id` DESC
 LIMIT 5', [], false)
 3 SYSTEMPATH\Model.php(254): CodeIgniter\Database\BaseBuilder->get()
 4 SYSTEMPATH\BaseModel.php(675): CodeIgniter\Model->doFindAll(0, 0)
 5 APPPATH\Cells\ArtikelTerkini.php(19): CodeIgniter\BaseModel->findAll()
 6 SYSTEMPATH\View\Cell.php(304): App\Cells\ArtikelTerkini->render()
 7 SYSTEMPATH\View\Cell.php(106): CodeIgniter\View\Cell->renderSimpleClass(Object(App\Cells\ArtikelTerkini), 'render', [], 'App\\Cells\\ArtikelTerkini')
 8 SYSTEMPATH\Common.php(1266): CodeIgniter\View\Cell->render('App\\Cells\\ArtikelTerkini::render', [], 0, 'AppCellsArtikelTerkinirender40cd750bba9870f18aada2478b24840a')
 9 APPPATH\Views\layout\main.php(37): view_cell('App\\Cells\\ArtikelTerkini::render')
10 SYSTEMPATH\View\View.php(238): include('C:\\xampp\\htdocs\\lab11_php_ci\\ci4\\app\\Views\\layout\\main.php')
11 SYSTEMPATH\View\View.php(241): CodeIgniter\View\View->CodeIgniter\View\{closure}()
12 SYSTEMPATH\View\View.php(254): CodeIgniter\View\View->render('layout/main', [], true)
13 SYSTEMPATH\Common.php(1250): CodeIgniter\View\View->render('home', [], true)
14 APPPATH\Controllers\Page.php(9): view('home', [...])
15 SYSTEMPATH\CodeIgniter.php(951): App\Controllers\Page->index()
16 SYSTEMPATH\CodeIgniter.php(497): CodeIgniter\CodeIgniter->runController(Object(App\Controllers\Page))
17 SYSTEMPATH\CodeIgniter.php(340): CodeIgniter\CodeIgniter->handleRequest(null, Object(Config\Cache), false)
18 SYSTEMPATH\Boot.php(417): CodeIgniter\CodeIgniter->run()
19 SYSTEMPATH\Boot.php(68): CodeIgniter\Boot::runCodeIgniter(Object(CodeIgniter\CodeIgniter))
20 FCPATH\index.php(71): CodeIgniter\Boot::bootWeb(Object(Config\Paths))
21 SYSTEMPATH\rewrite.php(44): require_once('C:\\xampp\\htdocs\\lab11_php_ci\\ci4\\public\\index.php')
ERROR - 2026-06-17 16:07:43 --> Error connecting to the database: mysqli_sql_exception: No connection could be made because the target machine actively refused it in C:\xampp\htdocs\lab11_php_ci\ci4\system\Database\MySQLi\Connection.php:201
Stack trace:
#0 C:\xampp\htdocs\lab11_php_ci\ci4\system\Database\MySQLi\Connection.php(201): mysqli->real_connect('localhost', 'root', Object(SensitiveParameterValue), 'ci4', 3306, '', 0)
#1 C:\xampp\htdocs\lab11_php_ci\ci4\system\Database\BaseConnection.php(419): CodeIgniter\Database\MySQLi\Connection->connect(false)
#2 C:\xampp\htdocs\lab11_php_ci\ci4\system\Database\BaseConnection.php(654): CodeIgniter\Database\BaseConnection->initialize()
#3 C:\xampp\htdocs\lab11_php_ci\ci4\system\Database\BaseBuilder.php(1649): CodeIgniter\Database\BaseConnection->query('SELECT *\nFROM `...', Array, false)
#4 C:\xampp\htdocs\lab11_php_ci\ci4\system\Model.php(254): CodeIgniter\Database\BaseBuilder->get()
#5 C:\xampp\htdocs\lab11_php_ci\ci4\system\BaseModel.php(675): CodeIgniter\Model->doFindAll(0, 0)
#6 C:\xampp\htdocs\lab11_php_ci\ci4\app\Cells\ArtikelTerkini.php(19): CodeIgniter\BaseModel->findAll()
#7 C:\xampp\htdocs\lab11_php_ci\ci4\system\View\Cell.php(304): App\Cells\ArtikelTerkini->render()
#8 C:\xampp\htdocs\lab11_php_ci\ci4\system\View\Cell.php(106): CodeIgniter\View\Cell->renderSimpleClass(Object(App\Cells\ArtikelTerkini), 'render', Array, 'App\\Cells\\Artik...')
#9 C:\xampp\htdocs\lab11_php_ci\ci4\system\Common.php(1266): CodeIgniter\View\Cell->render('App\\Cells\\Artik...', Array, 0, 'AppCellsArtikel...')
#10 C:\xampp\htdocs\lab11_php_ci\ci4\app\Views\layout\main.php(37): view_cell('App\\Cells\\Artik...')
#11 C:\xampp\htdocs\lab11_php_ci\ci4\system\View\View.php(238): include('C:\\xampp\\htdocs...')
#12 C:\xampp\htdocs\lab11_php_ci\ci4\system\View\View.php(241): CodeIgniter\View\View->CodeIgniter\View\{closure}()
#13 C:\xampp\htdocs\lab11_php_ci\ci4\system\View\View.php(254): CodeIgniter\View\View->render('layout/main', Array, true)
#14 C:\xampp\htdocs\lab11_php_ci\ci4\system\Common.php(1250): CodeIgniter\View\View->render('home', Array, true)
#15 C:\xampp\htdocs\lab11_php_ci\ci4\app\Controllers\Page.php(9): view('home', Array)
#16 C:\xampp\htdocs\lab11_php_ci\ci4\system\CodeIgniter.php(951): App\Controllers\Page->index()
#17 C:\xampp\htdocs\lab11_php_ci\ci4\system\CodeIgniter.php(497): CodeIgniter\CodeIgniter->runController(Object(App\Controllers\Page))
#18 C:\xampp\htdocs\lab11_php_ci\ci4\system\CodeIgniter.php(340): CodeIgniter\CodeIgniter->handleRequest(NULL, Object(Config\Cache), false)
#19 C:\xampp\htdocs\lab11_php_ci\ci4\system\Boot.php(417): CodeIgniter\CodeIgniter->run()
#20 C:\xampp\htdocs\lab11_php_ci\ci4\system\Boot.php(68): CodeIgniter\Boot::runCodeIgniter(Object(CodeIgniter\CodeIgniter))
#21 C:\xampp\htdocs\lab11_php_ci\ci4\public\index.php(71): CodeIgniter\Boot::bootWeb(Object(Config\Paths))
#22 C:\xampp\htdocs\lab11_php_ci\ci4\system\rewrite.php(44): require_once('C:\\xampp\\htdocs...')
#23 {main}

Next CodeIgniter\Database\Exceptions\DatabaseException: No connection could be made because the target machine actively refused it in C:\xampp\htdocs\lab11_php_ci\ci4\system\Database\MySQLi\Connection.php:231
Stack trace:
#0 C:\xampp\htdocs\lab11_php_ci\ci4\system\Database\BaseConnection.php(419): CodeIgniter\Database\MySQLi\Connection->connect(false)
#1 C:\xampp\htdocs\lab11_php_ci\ci4\system\Database\BaseConnection.php(654): CodeIgniter\Database\BaseConnection->initialize()
#2 C:\xampp\htdocs\lab11_php_ci\ci4\system\Database\BaseBuilder.php(1649): CodeIgniter\Database\BaseConnection->query('SELECT *\nFROM `...', Array, false)
#3 C:\xampp\htdocs\lab11_php_ci\ci4\system\Model.php(254): CodeIgniter\Database\BaseBuilder->get()
#4 C:\xampp\htdocs\lab11_php_ci\ci4\system\BaseModel.php(675): CodeIgniter\Model->doFindAll(0, 0)
#5 C:\xampp\htdocs\lab11_php_ci\ci4\app\Cells\ArtikelTerkini.php(19): CodeIgniter\BaseModel->findAll()
#6 C:\xampp\htdocs\lab11_php_ci\ci4\system\View\Cell.php(304): App\Cells\ArtikelTerkini->render()
#7 C:\xampp\htdocs\lab11_php_ci\ci4\system\View\Cell.php(106): CodeIgniter\View\Cell->renderSimpleClass(Object(App\Cells\ArtikelTerkini), 'render', Array, 'App\\Cells\\Artik...')
#8 C:\xampp\htdocs\lab11_php_ci\ci4\system\Common.php(1266): CodeIgniter\View\Cell->render('App\\Cells\\Artik...', Array, 0, 'AppCellsArtikel...')
#9 C:\xampp\htdocs\lab11_php_ci\ci4\app\Views\layout\main.php(37): view_cell('App\\Cells\\Artik...')
#10 C:\xampp\htdocs\lab11_php_ci\ci4\system\View\View.php(238): include('C:\\xampp\\htdocs...')
#11 C:\xampp\htdocs\lab11_php_ci\ci4\system\View\View.php(241): CodeIgniter\View\View->CodeIgniter\View\{closure}()
#12 C:\xampp\htdocs\lab11_php_ci\ci4\system\View\View.php(254): CodeIgniter\View\View->render('layout/main', Array, true)
#13 C:\xampp\htdocs\lab11_php_ci\ci4\system\Common.php(1250): CodeIgniter\View\View->render('home', Array, true)
#14 C:\xampp\htdocs\lab11_php_ci\ci4\app\Controllers\Page.php(9): view('home', Array)
#15 C:\xampp\htdocs\lab11_php_ci\ci4\system\CodeIgniter.php(951): App\Controllers\Page->index()
#16 C:\xampp\htdocs\lab11_php_ci\ci4\system\CodeIgniter.php(497): CodeIgniter\CodeIgniter->runController(Object(App\Controllers\Page))
#17 C:\xampp\htdocs\lab11_php_ci\ci4\system\CodeIgniter.php(340): CodeIgniter\CodeIgniter->handleRequest(NULL, Object(Config\Cache), false)
#18 C:\xampp\htdocs\lab11_php_ci\ci4\system\Boot.php(417): CodeIgniter\CodeIgniter->run()
#19 C:\xampp\htdocs\lab11_php_ci\ci4\system\Boot.php(68): CodeIgniter\Boot::runCodeIgniter(Object(CodeIgniter\CodeIgniter))
#20 C:\xampp\htdocs\lab11_php_ci\ci4\public\index.php(71): CodeIgniter\Boot::bootWeb(Object(Config\Paths))
#21 C:\xampp\htdocs\lab11_php_ci\ci4\system\rewrite.php(44): require_once('C:\\xampp\\htdocs...')
#22 {main}
CRITICAL - 2026-06-17 16:07:43 --> CodeIgniter\Database\Exceptions\DatabaseException: Unable to connect to the database.
Main connection [MySQLi]: No connection could be made because the target machine actively refused it
[Method: GET, Route: /]
in SYSTEMPATH\Database\BaseConnection.php on line 465.
 1 SYSTEMPATH\Database\BaseConnection.php(654): CodeIgniter\Database\BaseConnection->initialize()
 2 SYSTEMPATH\Database\BaseBuilder.php(1649): CodeIgniter\Database\BaseConnection->query('SELECT *
FROM `artikel`
ORDER BY `id` DESC
 LIMIT 5', [], false)
 3 SYSTEMPATH\Model.php(254): CodeIgniter\Database\BaseBuilder->get()
 4 SYSTEMPATH\BaseModel.php(675): CodeIgniter\Model->doFindAll(0, 0)
 5 APPPATH\Cells\ArtikelTerkini.php(19): CodeIgniter\BaseModel->findAll()
 6 SYSTEMPATH\View\Cell.php(304): App\Cells\ArtikelTerkini->render()
 7 SYSTEMPATH\View\Cell.php(106): CodeIgniter\View\Cell->renderSimpleClass(Object(App\Cells\ArtikelTerkini), 'render', [], 'App\\Cells\\ArtikelTerkini')
 8 SYSTEMPATH\Common.php(1266): CodeIgniter\View\Cell->render('App\\Cells\\ArtikelTerkini::render', [], 0, 'AppCellsArtikelTerkinirender40cd750bba9870f18aada2478b24840a')
 9 APPPATH\Views\layout\main.php(37): view_cell('App\\Cells\\ArtikelTerkini::render')
10 SYSTEMPATH\View\View.php(238): include('C:\\xampp\\htdocs\\lab11_php_ci\\ci4\\app\\Views\\layout\\main.php')
11 SYSTEMPATH\View\View.php(241): CodeIgniter\View\View->CodeIgniter\View\{closure}()
12 SYSTEMPATH\View\View.php(254): CodeIgniter\View\View->render('layout/main', [], true)
13 SYSTEMPATH\Common.php(1250): CodeIgniter\View\View->render('home', [], true)
14 APPPATH\Controllers\Page.php(9): view('home', [...])
15 SYSTEMPATH\CodeIgniter.php(951): App\Controllers\Page->index()
16 SYSTEMPATH\CodeIgniter.php(497): CodeIgniter\CodeIgniter->runController(Object(App\Controllers\Page))
17 SYSTEMPATH\CodeIgniter.php(340): CodeIgniter\CodeIgniter->handleRequest(null, Object(Config\Cache), false)
18 SYSTEMPATH\Boot.php(417): CodeIgniter\CodeIgniter->run()
19 SYSTEMPATH\Boot.php(68): CodeIgniter\Boot::runCodeIgniter(Object(CodeIgniter\CodeIgniter))
20 FCPATH\index.php(71): CodeIgniter\Boot::bootWeb(Object(Config\Paths))
21 SYSTEMPATH\rewrite.php(44): require_once('C:\\xampp\\htdocs\\lab11_php_ci\\ci4\\public\\index.php')
ERROR - 2026-06-17 16:07:48 --> Error connecting to the database: mysqli_sql_exception: No connection could be made because the target machine actively refused it in C:\xampp\htdocs\lab11_php_ci\ci4\system\Database\MySQLi\Connection.php:201
Stack trace:
#0 C:\xampp\htdocs\lab11_php_ci\ci4\system\Database\MySQLi\Connection.php(201): mysqli->real_connect('localhost', 'root', Object(SensitiveParameterValue), 'ci4', 3306, '', 0)
#1 C:\xampp\htdocs\lab11_php_ci\ci4\system\Database\BaseConnection.php(419): CodeIgniter\Database\MySQLi\Connection->connect(false)
#2 C:\xampp\htdocs\lab11_php_ci\ci4\system\Database\BaseConnection.php(654): CodeIgniter\Database\BaseConnection->initialize()
#3 C:\xampp\htdocs\lab11_php_ci\ci4\system\Database\BaseBuilder.php(1649): CodeIgniter\Database\BaseConnection->query('SELECT *\nFROM `...', Array, false)
#4 C:\xampp\htdocs\lab11_php_ci\ci4\system\Model.php(254): CodeIgniter\Database\BaseBuilder->get()
#5 C:\xampp\htdocs\lab11_php_ci\ci4\system\BaseModel.php(675): CodeIgniter\Model->doFindAll(0, 0)
#6 C:\xampp\htdocs\lab11_php_ci\ci4\app\Cells\ArtikelTerkini.php(19): CodeIgniter\BaseModel->findAll()
#7 C:\xampp\htdocs\lab11_php_ci\ci4\system\View\Cell.php(304): App\Cells\ArtikelTerkini->render()
#8 C:\xampp\htdocs\lab11_php_ci\ci4\system\View\Cell.php(106): CodeIgniter\View\Cell->renderSimpleClass(Object(App\Cells\ArtikelTerkini), 'render', Array, 'App\\Cells\\Artik...')
#9 C:\xampp\htdocs\lab11_php_ci\ci4\system\Common.php(1266): CodeIgniter\View\Cell->render('App\\Cells\\Artik...', Array, 0, 'AppCellsArtikel...')
#10 C:\xampp\htdocs\lab11_php_ci\ci4\app\Views\layout\main.php(37): view_cell('App\\Cells\\Artik...')
#11 C:\xampp\htdocs\lab11_php_ci\ci4\system\View\View.php(238): include('C:\\xampp\\htdocs...')
#12 C:\xampp\htdocs\lab11_php_ci\ci4\system\View\View.php(241): CodeIgniter\View\View->CodeIgniter\View\{closure}()
#13 C:\xampp\htdocs\lab11_php_ci\ci4\system\View\View.php(254): CodeIgniter\View\View->render('layout/main', Array, true)
#14 C:\xampp\htdocs\lab11_php_ci\ci4\system\Common.php(1250): CodeIgniter\View\View->render('home', Array, true)
#15 C:\xampp\htdocs\lab11_php_ci\ci4\app\Controllers\Page.php(9): view('home', Array)
#16 C:\xampp\htdocs\lab11_php_ci\ci4\system\CodeIgniter.php(951): App\Controllers\Page->index()
#17 C:\xampp\htdocs\lab11_php_ci\ci4\system\CodeIgniter.php(497): CodeIgniter\CodeIgniter->runController(Object(App\Controllers\Page))
#18 C:\xampp\htdocs\lab11_php_ci\ci4\system\CodeIgniter.php(340): CodeIgniter\CodeIgniter->handleRequest(NULL, Object(Config\Cache), false)
#19 C:\xampp\htdocs\lab11_php_ci\ci4\system\Boot.php(417): CodeIgniter\CodeIgniter->run()
#20 C:\xampp\htdocs\lab11_php_ci\ci4\system\Boot.php(68): CodeIgniter\Boot::runCodeIgniter(Object(CodeIgniter\CodeIgniter))
#21 C:\xampp\htdocs\lab11_php_ci\ci4\public\index.php(71): CodeIgniter\Boot::bootWeb(Object(Config\Paths))
#22 C:\xampp\htdocs\lab11_php_ci\ci4\system\rewrite.php(44): require_once('C:\\xampp\\htdocs...')
#23 {main}

Next CodeIgniter\Database\Exceptions\DatabaseException: No connection could be made because the target machine actively refused it in C:\xampp\htdocs\lab11_php_ci\ci4\system\Database\MySQLi\Connection.php:231
Stack trace:
#0 C:\xampp\htdocs\lab11_php_ci\ci4\system\Database\BaseConnection.php(419): CodeIgniter\Database\MySQLi\Connection->connect(false)
#1 C:\xampp\htdocs\lab11_php_ci\ci4\system\Database\BaseConnection.php(654): CodeIgniter\Database\BaseConnection->initialize()
#2 C:\xampp\htdocs\lab11_php_ci\ci4\system\Database\BaseBuilder.php(1649): CodeIgniter\Database\BaseConnection->query('SELECT *\nFROM `...', Array, false)
#3 C:\xampp\htdocs\lab11_php_ci\ci4\system\Model.php(254): CodeIgniter\Database\BaseBuilder->get()
#4 C:\xampp\htdocs\lab11_php_ci\ci4\system\BaseModel.php(675): CodeIgniter\Model->doFindAll(0, 0)
#5 C:\xampp\htdocs\lab11_php_ci\ci4\app\Cells\ArtikelTerkini.php(19): CodeIgniter\BaseModel->findAll()
#6 C:\xampp\htdocs\lab11_php_ci\ci4\system\View\Cell.php(304): App\Cells\ArtikelTerkini->render()
#7 C:\xampp\htdocs\lab11_php_ci\ci4\system\View\Cell.php(106): CodeIgniter\View\Cell->renderSimpleClass(Object(App\Cells\ArtikelTerkini), 'render', Array, 'App\\Cells\\Artik...')
#8 C:\xampp\htdocs\lab11_php_ci\ci4\system\Common.php(1266): CodeIgniter\View\Cell->render('App\\Cells\\Artik...', Array, 0, 'AppCellsArtikel...')
#9 C:\xampp\htdocs\lab11_php_ci\ci4\app\Views\layout\main.php(37): view_cell('App\\Cells\\Artik...')
#10 C:\xampp\htdocs\lab11_php_ci\ci4\system\View\View.php(238): include('C:\\xampp\\htdocs...')
#11 C:\xampp\htdocs\lab11_php_ci\ci4\system\View\View.php(241): CodeIgniter\View\View->CodeIgniter\View\{closure}()
#12 C:\xampp\htdocs\lab11_php_ci\ci4\system\View\View.php(254): CodeIgniter\View\View->render('layout/main', Array, true)
#13 C:\xampp\htdocs\lab11_php_ci\ci4\system\Common.php(1250): CodeIgniter\View\View->render('home', Array, true)
#14 C:\xampp\htdocs\lab11_php_ci\ci4\app\Controllers\Page.php(9): view('home', Array)
#15 C:\xampp\htdocs\lab11_php_ci\ci4\system\CodeIgniter.php(951): App\Controllers\Page->index()
#16 C:\xampp\htdocs\lab11_php_ci\ci4\system\CodeIgniter.php(497): CodeIgniter\CodeIgniter->runController(Object(App\Controllers\Page))
#17 C:\xampp\htdocs\lab11_php_ci\ci4\system\CodeIgniter.php(340): CodeIgniter\CodeIgniter->handleRequest(NULL, Object(Config\Cache), false)
#18 C:\xampp\htdocs\lab11_php_ci\ci4\system\Boot.php(417): CodeIgniter\CodeIgniter->run()
#19 C:\xampp\htdocs\lab11_php_ci\ci4\system\Boot.php(68): CodeIgniter\Boot::runCodeIgniter(Object(CodeIgniter\CodeIgniter))
#20 C:\xampp\htdocs\lab11_php_ci\ci4\public\index.php(71): CodeIgniter\Boot::bootWeb(Object(Config\Paths))
#21 C:\xampp\htdocs\lab11_php_ci\ci4\system\rewrite.php(44): require_once('C:\\xampp\\htdocs...')
#22 {main}
CRITICAL - 2026-06-17 16:07:48 --> CodeIgniter\Database\Exceptions\DatabaseException: Unable to connect to the database.
Main connection [MySQLi]: No connection could be made because the target machine actively refused it
[Method: GET, Route: /]
in SYSTEMPATH\Database\BaseConnection.php on line 465.
 1 SYSTEMPATH\Database\BaseConnection.php(654): CodeIgniter\Database\BaseConnection->initialize()
 2 SYSTEMPATH\Database\BaseBuilder.php(1649): CodeIgniter\Database\BaseConnection->query('SELECT *
FROM `artikel`
ORDER BY `id` DESC
 LIMIT 5', [], false)
 3 SYSTEMPATH\Model.php(254): CodeIgniter\Database\BaseBuilder->get()
 4 SYSTEMPATH\BaseModel.php(675): CodeIgniter\Model->doFindAll(0, 0)
 5 APPPATH\Cells\ArtikelTerkini.php(19): CodeIgniter\BaseModel->findAll()
 6 SYSTEMPATH\View\Cell.php(304): App\Cells\ArtikelTerkini->render()
 7 SYSTEMPATH\View\Cell.php(106): CodeIgniter\View\Cell->renderSimpleClass(Object(App\Cells\ArtikelTerkini), 'render', [], 'App\\Cells\\ArtikelTerkini')
 8 SYSTEMPATH\Common.php(1266): CodeIgniter\View\Cell->render('App\\Cells\\ArtikelTerkini::render', [], 0, 'AppCellsArtikelTerkinirender40cd750bba9870f18aada2478b24840a')
 9 APPPATH\Views\layout\main.php(37): view_cell('App\\Cells\\ArtikelTerkini::render')
10 SYSTEMPATH\View\View.php(238): include('C:\\xampp\\htdocs\\lab11_php_ci\\ci4\\app\\Views\\layout\\main.php')
11 SYSTEMPATH\View\View.php(241): CodeIgniter\View\View->CodeIgniter\View\{closure}()
12 SYSTEMPATH\View\View.php(254): CodeIgniter\View\View->render('layout/main', [], true)
13 SYSTEMPATH\Common.php(1250): CodeIgniter\View\View->render('home', [], true)
14 APPPATH\Controllers\Page.php(9): view('home', [...])
15 SYSTEMPATH\CodeIgniter.php(951): App\Controllers\Page->index()
16 SYSTEMPATH\CodeIgniter.php(497): CodeIgniter\CodeIgniter->runController(Object(App\Controllers\Page))
17 SYSTEMPATH\CodeIgniter.php(340): CodeIgniter\CodeIgniter->handleRequest(null, Object(Config\Cache), false)
18 SYSTEMPATH\Boot.php(417): CodeIgniter\CodeIgniter->run()
19 SYSTEMPATH\Boot.php(68): CodeIgniter\Boot::runCodeIgniter(Object(CodeIgniter\CodeIgniter))
20 FCPATH\index.php(71): CodeIgniter\Boot::bootWeb(Object(Config\Paths))
21 SYSTEMPATH\rewrite.php(44): require_once('C:\\xampp\\htdocs\\lab11_php_ci\\ci4\\public\\index.php')
ERROR - 2026-06-17 16:07:52 --> Error connecting to the database: mysqli_sql_exception: No connection could be made because the target machine actively refused it in C:\xampp\htdocs\lab11_php_ci\ci4\system\Database\MySQLi\Connection.php:201
Stack trace:
#0 C:\xampp\htdocs\lab11_php_ci\ci4\system\Database\MySQLi\Connection.php(201): mysqli->real_connect('localhost', 'root', Object(SensitiveParameterValue), 'ci4', 3306, '', 0)
#1 C:\xampp\htdocs\lab11_php_ci\ci4\system\Database\BaseConnection.php(419): CodeIgniter\Database\MySQLi\Connection->connect(false)
#2 C:\xampp\htdocs\lab11_php_ci\ci4\system\Database\BaseConnection.php(654): CodeIgniter\Database\BaseConnection->initialize()
#3 C:\xampp\htdocs\lab11_php_ci\ci4\system\Database\BaseBuilder.php(1649): CodeIgniter\Database\BaseConnection->query('SELECT *\nFROM `...', Array, false)
#4 C:\xampp\htdocs\lab11_php_ci\ci4\system\Model.php(254): CodeIgniter\Database\BaseBuilder->get()
#5 C:\xampp\htdocs\lab11_php_ci\ci4\system\BaseModel.php(675): CodeIgniter\Model->doFindAll(0, 0)
#6 C:\xampp\htdocs\lab11_php_ci\ci4\app\Cells\ArtikelTerkini.php(19): CodeIgniter\BaseModel->findAll()
#7 C:\xampp\htdocs\lab11_php_ci\ci4\system\View\Cell.php(304): App\Cells\ArtikelTerkini->render()
#8 C:\xampp\htdocs\lab11_php_ci\ci4\system\View\Cell.php(106): CodeIgniter\View\Cell->renderSimpleClass(Object(App\Cells\ArtikelTerkini), 'render', Array, 'App\\Cells\\Artik...')
#9 C:\xampp\htdocs\lab11_php_ci\ci4\system\Common.php(1266): CodeIgniter\View\Cell->render('App\\Cells\\Artik...', Array, 0, 'AppCellsArtikel...')
#10 C:\xampp\htdocs\lab11_php_ci\ci4\app\Views\layout\main.php(37): view_cell('App\\Cells\\Artik...')
#11 C:\xampp\htdocs\lab11_php_ci\ci4\system\View\View.php(238): include('C:\\xampp\\htdocs...')
#12 C:\xampp\htdocs\lab11_php_ci\ci4\system\View\View.php(241): CodeIgniter\View\View->CodeIgniter\View\{closure}()
#13 C:\xampp\htdocs\lab11_php_ci\ci4\system\View\View.php(254): CodeIgniter\View\View->render('layout/main', Array, true)
#14 C:\xampp\htdocs\lab11_php_ci\ci4\system\Common.php(1250): CodeIgniter\View\View->render('home', Array, true)
#15 C:\xampp\htdocs\lab11_php_ci\ci4\app\Controllers\Page.php(9): view('home', Array)
#16 C:\xampp\htdocs\lab11_php_ci\ci4\system\CodeIgniter.php(951): App\Controllers\Page->index()
#17 C:\xampp\htdocs\lab11_php_ci\ci4\system\CodeIgniter.php(497): CodeIgniter\CodeIgniter->runController(Object(App\Controllers\Page))
#18 C:\xampp\htdocs\lab11_php_ci\ci4\system\CodeIgniter.php(340): CodeIgniter\CodeIgniter->handleRequest(NULL, Object(Config\Cache), false)
#19 C:\xampp\htdocs\lab11_php_ci\ci4\system\Boot.php(417): CodeIgniter\CodeIgniter->run()
#20 C:\xampp\htdocs\lab11_php_ci\ci4\system\Boot.php(68): CodeIgniter\Boot::runCodeIgniter(Object(CodeIgniter\CodeIgniter))
#21 C:\xampp\htdocs\lab11_php_ci\ci4\public\index.php(71): CodeIgniter\Boot::bootWeb(Object(Config\Paths))
#22 C:\xampp\htdocs\lab11_php_ci\ci4\system\rewrite.php(44): require_once('C:\\xampp\\htdocs...')
#23 {main}

Next CodeIgniter\Database\Exceptions\DatabaseException: No connection could be made because the target machine actively refused it in C:\xampp\htdocs\lab11_php_ci\ci4\system\Database\MySQLi\Connection.php:231
Stack trace:
#0 C:\xampp\htdocs\lab11_php_ci\ci4\system\Database\BaseConnection.php(419): CodeIgniter\Database\MySQLi\Connection->connect(false)
#1 C:\xampp\htdocs\lab11_php_ci\ci4\system\Database\BaseConnection.php(654): CodeIgniter\Database\BaseConnection->initialize()
#2 C:\xampp\htdocs\lab11_php_ci\ci4\system\Database\BaseBuilder.php(1649): CodeIgniter\Database\BaseConnection->query('SELECT *\nFROM `...', Array, false)
#3 C:\xampp\htdocs\lab11_php_ci\ci4\system\Model.php(254): CodeIgniter\Database\BaseBuilder->get()
#4 C:\xampp\htdocs\lab11_php_ci\ci4\system\BaseModel.php(675): CodeIgniter\Model->doFindAll(0, 0)
#5 C:\xampp\htdocs\lab11_php_ci\ci4\app\Cells\ArtikelTerkini.php(19): CodeIgniter\BaseModel->findAll()
#6 C:\xampp\htdocs\lab11_php_ci\ci4\system\View\Cell.php(304): App\Cells\ArtikelTerkini->render()
#7 C:\xampp\htdocs\lab11_php_ci\ci4\system\View\Cell.php(106): CodeIgniter\View\Cell->renderSimpleClass(Object(App\Cells\ArtikelTerkini), 'render', Array, 'App\\Cells\\Artik...')
#8 C:\xampp\htdocs\lab11_php_ci\ci4\system\Common.php(1266): CodeIgniter\View\Cell->render('App\\Cells\\Artik...', Array, 0, 'AppCellsArtikel...')
#9 C:\xampp\htdocs\lab11_php_ci\ci4\app\Views\layout\main.php(37): view_cell('App\\Cells\\Artik...')
#10 C:\xampp\htdocs\lab11_php_ci\ci4\system\View\View.php(238): include('C:\\xampp\\htdocs...')
#11 C:\xampp\htdocs\lab11_php_ci\ci4\system\View\View.php(241): CodeIgniter\View\View->CodeIgniter\View\{closure}()
#12 C:\xampp\htdocs\lab11_php_ci\ci4\system\View\View.php(254): CodeIgniter\View\View->render('layout/main', Array, true)
#13 C:\xampp\htdocs\lab11_php_ci\ci4\system\Common.php(1250): CodeIgniter\View\View->render('home', Array, true)
#14 C:\xampp\htdocs\lab11_php_ci\ci4\app\Controllers\Page.php(9): view('home', Array)
#15 C:\xampp\htdocs\lab11_php_ci\ci4\system\CodeIgniter.php(951): App\Controllers\Page->index()
#16 C:\xampp\htdocs\lab11_php_ci\ci4\system\CodeIgniter.php(497): CodeIgniter\CodeIgniter->runController(Object(App\Controllers\Page))
#17 C:\xampp\htdocs\lab11_php_ci\ci4\system\CodeIgniter.php(340): CodeIgniter\CodeIgniter->handleRequest(NULL, Object(Config\Cache), false)
#18 C:\xampp\htdocs\lab11_php_ci\ci4\system\Boot.php(417): CodeIgniter\CodeIgniter->run()
#19 C:\xampp\htdocs\lab11_php_ci\ci4\system\Boot.php(68): CodeIgniter\Boot::runCodeIgniter(Object(CodeIgniter\CodeIgniter))
#20 C:\xampp\htdocs\lab11_php_ci\ci4\public\index.php(71): CodeIgniter\Boot::bootWeb(Object(Config\Paths))
#21 C:\xampp\htdocs\lab11_php_ci\ci4\system\rewrite.php(44): require_once('C:\\xampp\\htdocs...')
#22 {main}
CRITICAL - 2026-06-17 16:07:52 --> CodeIgniter\Database\Exceptions\DatabaseException: Unable to connect to the database.
Main connection [MySQLi]: No connection could be made because the target machine actively refused it
[Method: GET, Route: /]
in SYSTEMPATH\Database\BaseConnection.php on line 465.
 1 SYSTEMPATH\Database\BaseConnection.php(654): CodeIgniter\Database\BaseConnection->initialize()
 2 SYSTEMPATH\Database\BaseBuilder.php(1649): CodeIgniter\Database\BaseConnection->query('SELECT *
FROM `artikel`
ORDER BY `id` DESC
 LIMIT 5', [], false)
 3 SYSTEMPATH\Model.php(254): CodeIgniter\Database\BaseBuilder->get()
 4 SYSTEMPATH\BaseModel.php(675): CodeIgniter\Model->doFindAll(0, 0)
 5 APPPATH\Cells\ArtikelTerkini.php(19): CodeIgniter\BaseModel->findAll()
 6 SYSTEMPATH\View\Cell.php(304): App\Cells\ArtikelTerkini->render()
 7 SYSTEMPATH\View\Cell.php(106): CodeIgniter\View\Cell->renderSimpleClass(Object(App\Cells\ArtikelTerkini), 'render', [], 'App\\Cells\\ArtikelTerkini')
 8 SYSTEMPATH\Common.php(1266): CodeIgniter\View\Cell->render('App\\Cells\\ArtikelTerkini::render', [], 0, 'AppCellsArtikelTerkinirender40cd750bba9870f18aada2478b24840a')
 9 APPPATH\Views\layout\main.php(37): view_cell('App\\Cells\\ArtikelTerkini::render')
10 SYSTEMPATH\View\View.php(238): include('C:\\xampp\\htdocs\\lab11_php_ci\\ci4\\app\\Views\\layout\\main.php')
11 SYSTEMPATH\View\View.php(241): CodeIgniter\View\View->CodeIgniter\View\{closure}()
12 SYSTEMPATH\View\View.php(254): CodeIgniter\View\View->render('layout/main', [], true)
13 SYSTEMPATH\Common.php(1250): CodeIgniter\View\View->render('home', [], true)
14 APPPATH\Controllers\Page.php(9): view('home', [...])
15 SYSTEMPATH\CodeIgniter.php(951): App\Controllers\Page->index()
16 SYSTEMPATH\CodeIgniter.php(497): CodeIgniter\CodeIgniter->runController(Object(App\Controllers\Page))
17 SYSTEMPATH\CodeIgniter.php(340): CodeIgniter\CodeIgniter->handleRequest(null, Object(Config\Cache), false)
18 SYSTEMPATH\Boot.php(417): CodeIgniter\CodeIgniter->run()
19 SYSTEMPATH\Boot.php(68): CodeIgniter\Boot::runCodeIgniter(Object(CodeIgniter\CodeIgniter))
20 FCPATH\index.php(71): CodeIgniter\Boot::bootWeb(Object(Config\Paths))
21 SYSTEMPATH\rewrite.php(44): require_once('C:\\xampp\\htdocs\\lab11_php_ci\\ci4\\public\\index.php')
ERROR - 2026-06-17 16:07:56 --> Error connecting to the database: mysqli_sql_exception: No connection could be made because the target machine actively refused it in C:\xampp\htdocs\lab11_php_ci\ci4\system\Database\MySQLi\Connection.php:201
Stack trace:
#0 C:\xampp\htdocs\lab11_php_ci\ci4\system\Database\MySQLi\Connection.php(201): mysqli->real_connect('localhost', 'root', Object(SensitiveParameterValue), 'ci4', 3306, '', 0)
#1 C:\xampp\htdocs\lab11_php_ci\ci4\system\Database\BaseConnection.php(419): CodeIgniter\Database\MySQLi\Connection->connect(false)
#2 C:\xampp\htdocs\lab11_php_ci\ci4\system\Database\BaseConnection.php(654): CodeIgniter\Database\BaseConnection->initialize()
#3 C:\xampp\htdocs\lab11_php_ci\ci4\system\Database\BaseBuilder.php(1649): CodeIgniter\Database\BaseConnection->query('SELECT `artikel...', Array, false)
#4 C:\xampp\htdocs\lab11_php_ci\ci4\app\Models\ArtikelModel.php(17): CodeIgniter\Database\BaseBuilder->get()
#5 C:\xampp\htdocs\lab11_php_ci\ci4\app\Controllers\Artikel.php(13): App\Models\ArtikelModel->getArtikelDenganKategori()
#6 C:\xampp\htdocs\lab11_php_ci\ci4\system\CodeIgniter.php(951): App\Controllers\Artikel->index()
#7 C:\xampp\htdocs\lab11_php_ci\ci4\system\CodeIgniter.php(497): CodeIgniter\CodeIgniter->runController(Object(App\Controllers\Artikel))
#8 C:\xampp\htdocs\lab11_php_ci\ci4\system\CodeIgniter.php(340): CodeIgniter\CodeIgniter->handleRequest(NULL, Object(Config\Cache), false)
#9 C:\xampp\htdocs\lab11_php_ci\ci4\system\Boot.php(417): CodeIgniter\CodeIgniter->run()
#10 C:\xampp\htdocs\lab11_php_ci\ci4\system\Boot.php(68): CodeIgniter\Boot::runCodeIgniter(Object(CodeIgniter\CodeIgniter))
#11 C:\xampp\htdocs\lab11_php_ci\ci4\public\index.php(71): CodeIgniter\Boot::bootWeb(Object(Config\Paths))
#12 C:\xampp\htdocs\lab11_php_ci\ci4\system\rewrite.php(44): require_once('C:\\xampp\\htdocs...')
#13 {main}

Next CodeIgniter\Database\Exceptions\DatabaseException: No connection could be made because the target machine actively refused it in C:\xampp\htdocs\lab11_php_ci\ci4\system\Database\MySQLi\Connection.php:231
Stack trace:
#0 C:\xampp\htdocs\lab11_php_ci\ci4\system\Database\BaseConnection.php(419): CodeIgniter\Database\MySQLi\Connection->connect(false)
#1 C:\xampp\htdocs\lab11_php_ci\ci4\system\Database\BaseConnection.php(654): CodeIgniter\Database\BaseConnection->initialize()
#2 C:\xampp\htdocs\lab11_php_ci\ci4\system\Database\BaseBuilder.php(1649): CodeIgniter\Database\BaseConnection->query('SELECT `artikel...', Array, false)
#3 C:\xampp\htdocs\lab11_php_ci\ci4\app\Models\ArtikelModel.php(17): CodeIgniter\Database\BaseBuilder->get()
#4 C:\xampp\htdocs\lab11_php_ci\ci4\app\Controllers\Artikel.php(13): App\Models\ArtikelModel->getArtikelDenganKategori()
#5 C:\xampp\htdocs\lab11_php_ci\ci4\system\CodeIgniter.php(951): App\Controllers\Artikel->index()
#6 C:\xampp\htdocs\lab11_php_ci\ci4\system\CodeIgniter.php(497): CodeIgniter\CodeIgniter->runController(Object(App\Controllers\Artikel))
#7 C:\xampp\htdocs\lab11_php_ci\ci4\system\CodeIgniter.php(340): CodeIgniter\CodeIgniter->handleRequest(NULL, Object(Config\Cache), false)
#8 C:\xampp\htdocs\lab11_php_ci\ci4\system\Boot.php(417): CodeIgniter\CodeIgniter->run()
#9 C:\xampp\htdocs\lab11_php_ci\ci4\system\Boot.php(68): CodeIgniter\Boot::runCodeIgniter(Object(CodeIgniter\CodeIgniter))
#10 C:\xampp\htdocs\lab11_php_ci\ci4\public\index.php(71): CodeIgniter\Boot::bootWeb(Object(Config\Paths))
#11 C:\xampp\htdocs\lab11_php_ci\ci4\system\rewrite.php(44): require_once('C:\\xampp\\htdocs...')
#12 {main}
CRITICAL - 2026-06-17 16:07:56 --> CodeIgniter\Database\Exceptions\DatabaseException: Unable to connect to the database.
Main connection [MySQLi]: No connection could be made because the target machine actively refused it
[Method: GET, Route: artikel]
in SYSTEMPATH\Database\BaseConnection.php on line 465.
 1 SYSTEMPATH\Database\BaseConnection.php(654): CodeIgniter\Database\BaseConnection->initialize()
 2 SYSTEMPATH\Database\BaseBuilder.php(1649): CodeIgniter\Database\BaseConnection->query('SELECT `artikel`.*, `kategori`.`nama_kategori`
FROM `artikel`
JOIN `kategori` ON `kategori`.`id_kategori` = `artikel`.`id_kategori`', [], false)
 3 APPPATH\Models\ArtikelModel.php(17): CodeIgniter\Database\BaseBuilder->get()
 4 APPPATH\Controllers\Artikel.php(13): App\Models\ArtikelModel->getArtikelDenganKategori()
 5 SYSTEMPATH\CodeIgniter.php(951): App\Controllers\Artikel->index()
 6 SYSTEMPATH\CodeIgniter.php(497): CodeIgniter\CodeIgniter->runController(Object(App\Controllers\Artikel))
 7 SYSTEMPATH\CodeIgniter.php(340): CodeIgniter\CodeIgniter->handleRequest(null, Object(Config\Cache), false)
 8 SYSTEMPATH\Boot.php(417): CodeIgniter\CodeIgniter->run()
 9 SYSTEMPATH\Boot.php(68): CodeIgniter\Boot::runCodeIgniter(Object(CodeIgniter\CodeIgniter))
10 FCPATH\index.php(71): CodeIgniter\Boot::bootWeb(Object(Config\Paths))
11 SYSTEMPATH\rewrite.php(44): require_once('C:\\xampp\\htdocs\\lab11_php_ci\\ci4\\public\\index.php')
ERROR - 2026-06-17 16:08:00 --> Error connecting to the database: mysqli_sql_exception: No connection could be made because the target machine actively refused it in C:\xampp\htdocs\lab11_php_ci\ci4\system\Database\MySQLi\Connection.php:201
Stack trace:
#0 C:\xampp\htdocs\lab11_php_ci\ci4\system\Database\MySQLi\Connection.php(201): mysqli->real_connect('localhost', 'root', Object(SensitiveParameterValue), 'ci4', 3306, '', 0)
#1 C:\xampp\htdocs\lab11_php_ci\ci4\system\Database\BaseConnection.php(419): CodeIgniter\Database\MySQLi\Connection->connect(false)
#2 C:\xampp\htdocs\lab11_php_ci\ci4\system\Database\BaseConnection.php(654): CodeIgniter\Database\BaseConnection->initialize()
#3 C:\xampp\htdocs\lab11_php_ci\ci4\system\Database\BaseBuilder.php(1649): CodeIgniter\Database\BaseConnection->query('SELECT `artikel...', Array, false)
#4 C:\xampp\htdocs\lab11_php_ci\ci4\app\Models\ArtikelModel.php(17): CodeIgniter\Database\BaseBuilder->get()
#5 C:\xampp\htdocs\lab11_php_ci\ci4\app\Controllers\Artikel.php(13): App\Models\ArtikelModel->getArtikelDenganKategori()
#6 C:\xampp\htdocs\lab11_php_ci\ci4\system\CodeIgniter.php(951): App\Controllers\Artikel->index()
#7 C:\xampp\htdocs\lab11_php_ci\ci4\system\CodeIgniter.php(497): CodeIgniter\CodeIgniter->runController(Object(App\Controllers\Artikel))
#8 C:\xampp\htdocs\lab11_php_ci\ci4\system\CodeIgniter.php(340): CodeIgniter\CodeIgniter->handleRequest(NULL, Object(Config\Cache), false)
#9 C:\xampp\htdocs\lab11_php_ci\ci4\system\Boot.php(417): CodeIgniter\CodeIgniter->run()
#10 C:\xampp\htdocs\lab11_php_ci\ci4\system\Boot.php(68): CodeIgniter\Boot::runCodeIgniter(Object(CodeIgniter\CodeIgniter))
#11 C:\xampp\htdocs\lab11_php_ci\ci4\public\index.php(71): CodeIgniter\Boot::bootWeb(Object(Config\Paths))
#12 C:\xampp\htdocs\lab11_php_ci\ci4\system\rewrite.php(44): require_once('C:\\xampp\\htdocs...')
#13 {main}

Next CodeIgniter\Database\Exceptions\DatabaseException: No connection could be made because the target machine actively refused it in C:\xampp\htdocs\lab11_php_ci\ci4\system\Database\MySQLi\Connection.php:231
Stack trace:
#0 C:\xampp\htdocs\lab11_php_ci\ci4\system\Database\BaseConnection.php(419): CodeIgniter\Database\MySQLi\Connection->connect(false)
#1 C:\xampp\htdocs\lab11_php_ci\ci4\system\Database\BaseConnection.php(654): CodeIgniter\Database\BaseConnection->initialize()
#2 C:\xampp\htdocs\lab11_php_ci\ci4\system\Database\BaseBuilder.php(1649): CodeIgniter\Database\BaseConnection->query('SELECT `artikel...', Array, false)
#3 C:\xampp\htdocs\lab11_php_ci\ci4\app\Models\ArtikelModel.php(17): CodeIgniter\Database\BaseBuilder->get()
#4 C:\xampp\htdocs\lab11_php_ci\ci4\app\Controllers\Artikel.php(13): App\Models\ArtikelModel->getArtikelDenganKategori()
#5 C:\xampp\htdocs\lab11_php_ci\ci4\system\CodeIgniter.php(951): App\Controllers\Artikel->index()
#6 C:\xampp\htdocs\lab11_php_ci\ci4\system\CodeIgniter.php(497): CodeIgniter\CodeIgniter->runController(Object(App\Controllers\Artikel))
#7 C:\xampp\htdocs\lab11_php_ci\ci4\system\CodeIgniter.php(340): CodeIgniter\CodeIgniter->handleRequest(NULL, Object(Config\Cache), false)
#8 C:\xampp\htdocs\lab11_php_ci\ci4\system\Boot.php(417): CodeIgniter\CodeIgniter->run()
#9 C:\xampp\htdocs\lab11_php_ci\ci4\system\Boot.php(68): CodeIgniter\Boot::runCodeIgniter(Object(CodeIgniter\CodeIgniter))
#10 C:\xampp\htdocs\lab11_php_ci\ci4\public\index.php(71): CodeIgniter\Boot::bootWeb(Object(Config\Paths))
#11 C:\xampp\htdocs\lab11_php_ci\ci4\system\rewrite.php(44): require_once('C:\\xampp\\htdocs...')
#12 {main}
CRITICAL - 2026-06-17 16:08:00 --> CodeIgniter\Database\Exceptions\DatabaseException: Unable to connect to the database.
Main connection [MySQLi]: No connection could be made because the target machine actively refused it
[Method: GET, Route: artikel]
in SYSTEMPATH\Database\BaseConnection.php on line 465.
 1 SYSTEMPATH\Database\BaseConnection.php(654): CodeIgniter\Database\BaseConnection->initialize()
 2 SYSTEMPATH\Database\BaseBuilder.php(1649): CodeIgniter\Database\BaseConnection->query('SELECT `artikel`.*, `kategori`.`nama_kategori`
FROM `artikel`
JOIN `kategori` ON `kategori`.`id_kategori` = `artikel`.`id_kategori`', [], false)
 3 APPPATH\Models\ArtikelModel.php(17): CodeIgniter\Database\BaseBuilder->get()
 4 APPPATH\Controllers\Artikel.php(13): App\Models\ArtikelModel->getArtikelDenganKategori()
 5 SYSTEMPATH\CodeIgniter.php(951): App\Controllers\Artikel->index()
 6 SYSTEMPATH\CodeIgniter.php(497): CodeIgniter\CodeIgniter->runController(Object(App\Controllers\Artikel))
 7 SYSTEMPATH\CodeIgniter.php(340): CodeIgniter\CodeIgniter->handleRequest(null, Object(Config\Cache), false)
 8 SYSTEMPATH\Boot.php(417): CodeIgniter\CodeIgniter->run()
 9 SYSTEMPATH\Boot.php(68): CodeIgniter\Boot::runCodeIgniter(Object(CodeIgniter\CodeIgniter))
10 FCPATH\index.php(71): CodeIgniter\Boot::bootWeb(Object(Config\Paths))
11 SYSTEMPATH\rewrite.php(44): require_once('C:\\xampp\\htdocs\\lab11_php_ci\\ci4\\public\\index.php')
ERROR - 2026-06-17 16:08:05 --> Error connecting to the database: mysqli_sql_exception: No connection could be made because the target machine actively refused it in C:\xampp\htdocs\lab11_php_ci\ci4\system\Database\MySQLi\Connection.php:201
Stack trace:
#0 C:\xampp\htdocs\lab11_php_ci\ci4\system\Database\MySQLi\Connection.php(201): mysqli->real_connect('localhost', 'root', Object(SensitiveParameterValue), 'ci4', 3306, '', 0)
#1 C:\xampp\htdocs\lab11_php_ci\ci4\system\Database\BaseConnection.php(419): CodeIgniter\Database\MySQLi\Connection->connect(false)
#2 C:\xampp\htdocs\lab11_php_ci\ci4\system\Database\BaseConnection.php(654): CodeIgniter\Database\BaseConnection->initialize()
#3 C:\xampp\htdocs\lab11_php_ci\ci4\system\Database\BaseBuilder.php(1649): CodeIgniter\Database\BaseConnection->query('SELECT *\nFROM `...', Array, false)
#4 C:\xampp\htdocs\lab11_php_ci\ci4\system\Model.php(254): CodeIgniter\Database\BaseBuilder->get()
#5 C:\xampp\htdocs\lab11_php_ci\ci4\system\BaseModel.php(675): CodeIgniter\Model->doFindAll(0, 0)
#6 C:\xampp\htdocs\lab11_php_ci\ci4\app\Cells\ArtikelTerkini.php(19): CodeIgniter\BaseModel->findAll()
#7 C:\xampp\htdocs\lab11_php_ci\ci4\system\View\Cell.php(304): App\Cells\ArtikelTerkini->render()
#8 C:\xampp\htdocs\lab11_php_ci\ci4\system\View\Cell.php(106): CodeIgniter\View\Cell->renderSimpleClass(Object(App\Cells\ArtikelTerkini), 'render', Array, 'App\\Cells\\Artik...')
#9 C:\xampp\htdocs\lab11_php_ci\ci4\system\Common.php(1266): CodeIgniter\View\Cell->render('App\\Cells\\Artik...', Array, 0, 'AppCellsArtikel...')
#10 C:\xampp\htdocs\lab11_php_ci\ci4\app\Views\layout\main.php(37): view_cell('App\\Cells\\Artik...')
#11 C:\xampp\htdocs\lab11_php_ci\ci4\system\View\View.php(238): include('C:\\xampp\\htdocs...')
#12 C:\xampp\htdocs\lab11_php_ci\ci4\system\View\View.php(241): CodeIgniter\View\View->CodeIgniter\View\{closure}()
#13 C:\xampp\htdocs\lab11_php_ci\ci4\system\View\View.php(254): CodeIgniter\View\View->render('layout/main', Array, true)
#14 C:\xampp\htdocs\lab11_php_ci\ci4\system\Common.php(1250): CodeIgniter\View\View->render('home', Array, true)
#15 C:\xampp\htdocs\lab11_php_ci\ci4\app\Controllers\Page.php(9): view('home', Array)
#16 C:\xampp\htdocs\lab11_php_ci\ci4\system\CodeIgniter.php(951): App\Controllers\Page->index()
#17 C:\xampp\htdocs\lab11_php_ci\ci4\system\CodeIgniter.php(497): CodeIgniter\CodeIgniter->runController(Object(App\Controllers\Page))
#18 C:\xampp\htdocs\lab11_php_ci\ci4\system\CodeIgniter.php(340): CodeIgniter\CodeIgniter->handleRequest(NULL, Object(Config\Cache), false)
#19 C:\xampp\htdocs\lab11_php_ci\ci4\system\Boot.php(417): CodeIgniter\CodeIgniter->run()
#20 C:\xampp\htdocs\lab11_php_ci\ci4\system\Boot.php(68): CodeIgniter\Boot::runCodeIgniter(Object(CodeIgniter\CodeIgniter))
#21 C:\xampp\htdocs\lab11_php_ci\ci4\public\index.php(71): CodeIgniter\Boot::bootWeb(Object(Config\Paths))
#22 C:\xampp\htdocs\lab11_php_ci\ci4\system\rewrite.php(44): require_once('C:\\xampp\\htdocs...')
#23 {main}

Next CodeIgniter\Database\Exceptions\DatabaseException: No connection could be made because the target machine actively refused it in C:\xampp\htdocs\lab11_php_ci\ci4\system\Database\MySQLi\Connection.php:231
Stack trace:
#0 C:\xampp\htdocs\lab11_php_ci\ci4\system\Database\BaseConnection.php(419): CodeIgniter\Database\MySQLi\Connection->connect(false)
#1 C:\xampp\htdocs\lab11_php_ci\ci4\system\Database\BaseConnection.php(654): CodeIgniter\Database\BaseConnection->initialize()
#2 C:\xampp\htdocs\lab11_php_ci\ci4\system\Database\BaseBuilder.php(1649): CodeIgniter\Database\BaseConnection->query('SELECT *\nFROM `...', Array, false)
#3 C:\xampp\htdocs\lab11_php_ci\ci4\system\Model.php(254): CodeIgniter\Database\BaseBuilder->get()
#4 C:\xampp\htdocs\lab11_php_ci\ci4\system\BaseModel.php(675): CodeIgniter\Model->doFindAll(0, 0)
#5 C:\xampp\htdocs\lab11_php_ci\ci4\app\Cells\ArtikelTerkini.php(19): CodeIgniter\BaseModel->findAll()
#6 C:\xampp\htdocs\lab11_php_ci\ci4\system\View\Cell.php(304): App\Cells\ArtikelTerkini->render()
#7 C:\xampp\htdocs\lab11_php_ci\ci4\system\View\Cell.php(106): CodeIgniter\View\Cell->renderSimpleClass(Object(App\Cells\ArtikelTerkini), 'render', Array, 'App\\Cells\\Artik...')
#8 C:\xampp\htdocs\lab11_php_ci\ci4\system\Common.php(1266): CodeIgniter\View\Cell->render('App\\Cells\\Artik...', Array, 0, 'AppCellsArtikel...')
#9 C:\xampp\htdocs\lab11_php_ci\ci4\app\Views\layout\main.php(37): view_cell('App\\Cells\\Artik...')
#10 C:\xampp\htdocs\lab11_php_ci\ci4\system\View\View.php(238): include('C:\\xampp\\htdocs...')
#11 C:\xampp\htdocs\lab11_php_ci\ci4\system\View\View.php(241): CodeIgniter\View\View->CodeIgniter\View\{closure}()
#12 C:\xampp\htdocs\lab11_php_ci\ci4\system\View\View.php(254): CodeIgniter\View\View->render('layout/main', Array, true)
#13 C:\xampp\htdocs\lab11_php_ci\ci4\system\Common.php(1250): CodeIgniter\View\View->render('home', Array, true)
#14 C:\xampp\htdocs\lab11_php_ci\ci4\app\Controllers\Page.php(9): view('home', Array)
#15 C:\xampp\htdocs\lab11_php_ci\ci4\system\CodeIgniter.php(951): App\Controllers\Page->index()
#16 C:\xampp\htdocs\lab11_php_ci\ci4\system\CodeIgniter.php(497): CodeIgniter\CodeIgniter->runController(Object(App\Controllers\Page))
#17 C:\xampp\htdocs\lab11_php_ci\ci4\system\CodeIgniter.php(340): CodeIgniter\CodeIgniter->handleRequest(NULL, Object(Config\Cache), false)
#18 C:\xampp\htdocs\lab11_php_ci\ci4\system\Boot.php(417): CodeIgniter\CodeIgniter->run()
#19 C:\xampp\htdocs\lab11_php_ci\ci4\system\Boot.php(68): CodeIgniter\Boot::runCodeIgniter(Object(CodeIgniter\CodeIgniter))
#20 C:\xampp\htdocs\lab11_php_ci\ci4\public\index.php(71): CodeIgniter\Boot::bootWeb(Object(Config\Paths))
#21 C:\xampp\htdocs\lab11_php_ci\ci4\system\rewrite.php(44): require_once('C:\\xampp\\htdocs...')
#22 {main}
CRITICAL - 2026-06-17 16:08:05 --> CodeIgniter\Database\Exceptions\DatabaseException: Unable to connect to the database.
Main connection [MySQLi]: No connection could be made because the target machine actively refused it
[Method: GET, Route: /]
in SYSTEMPATH\Database\BaseConnection.php on line 465.
 1 SYSTEMPATH\Database\BaseConnection.php(654): CodeIgniter\Database\BaseConnection->initialize()
 2 SYSTEMPATH\Database\BaseBuilder.php(1649): CodeIgniter\Database\BaseConnection->query('SELECT *
FROM `artikel`
ORDER BY `id` DESC
 LIMIT 5', [], false)
 3 SYSTEMPATH\Model.php(254): CodeIgniter\Database\BaseBuilder->get()
 4 SYSTEMPATH\BaseModel.php(675): CodeIgniter\Model->doFindAll(0, 0)
 5 APPPATH\Cells\ArtikelTerkini.php(19): CodeIgniter\BaseModel->findAll()
 6 SYSTEMPATH\View\Cell.php(304): App\Cells\ArtikelTerkini->render()
 7 SYSTEMPATH\View\Cell.php(106): CodeIgniter\View\Cell->renderSimpleClass(Object(App\Cells\ArtikelTerkini), 'render', [], 'App\\Cells\\ArtikelTerkini')
 8 SYSTEMPATH\Common.php(1266): CodeIgniter\View\Cell->render('App\\Cells\\ArtikelTerkini::render', [], 0, 'AppCellsArtikelTerkinirender40cd750bba9870f18aada2478b24840a')
 9 APPPATH\Views\layout\main.php(37): view_cell('App\\Cells\\ArtikelTerkini::render')
10 SYSTEMPATH\View\View.php(238): include('C:\\xampp\\htdocs\\lab11_php_ci\\ci4\\app\\Views\\layout\\main.php')
11 SYSTEMPATH\View\View.php(241): CodeIgniter\View\View->CodeIgniter\View\{closure}()
12 SYSTEMPATH\View\View.php(254): CodeIgniter\View\View->render('layout/main', [], true)
13 SYSTEMPATH\Common.php(1250): CodeIgniter\View\View->render('home', [], true)
14 APPPATH\Controllers\Page.php(9): view('home', [...])
15 SYSTEMPATH\CodeIgniter.php(951): App\Controllers\Page->index()
16 SYSTEMPATH\CodeIgniter.php(497): CodeIgniter\CodeIgniter->runController(Object(App\Controllers\Page))
17 SYSTEMPATH\CodeIgniter.php(340): CodeIgniter\CodeIgniter->handleRequest(null, Object(Config\Cache), false)
18 SYSTEMPATH\Boot.php(417): CodeIgniter\CodeIgniter->run()
19 SYSTEMPATH\Boot.php(68): CodeIgniter\Boot::runCodeIgniter(Object(CodeIgniter\CodeIgniter))
20 FCPATH\index.php(71): CodeIgniter\Boot::bootWeb(Object(Config\Paths))
21 SYSTEMPATH\rewrite.php(44): require_once('C:\\xampp\\htdocs\\lab11_php_ci\\ci4\\public\\index.php')
ERROR - 2026-06-17 16:08:09 --> Error connecting to the database: mysqli_sql_exception: No connection could be made because the target machine actively refused it in C:\xampp\htdocs\lab11_php_ci\ci4\system\Database\MySQLi\Connection.php:201
Stack trace:
#0 C:\xampp\htdocs\lab11_php_ci\ci4\system\Database\MySQLi\Connection.php(201): mysqli->real_connect('localhost', 'root', Object(SensitiveParameterValue), 'ci4', 3306, '', 0)
#1 C:\xampp\htdocs\lab11_php_ci\ci4\system\Database\BaseConnection.php(419): CodeIgniter\Database\MySQLi\Connection->connect(false)
#2 C:\xampp\htdocs\lab11_php_ci\ci4\system\Database\BaseConnection.php(654): CodeIgniter\Database\BaseConnection->initialize()
#3 C:\xampp\htdocs\lab11_php_ci\ci4\system\Database\BaseBuilder.php(1649): CodeIgniter\Database\BaseConnection->query('SELECT `artikel...', Array, false)
#4 C:\xampp\htdocs\lab11_php_ci\ci4\app\Models\ArtikelModel.php(17): CodeIgniter\Database\BaseBuilder->get()
#5 C:\xampp\htdocs\lab11_php_ci\ci4\app\Controllers\Artikel.php(13): App\Models\ArtikelModel->getArtikelDenganKategori()
#6 C:\xampp\htdocs\lab11_php_ci\ci4\system\CodeIgniter.php(951): App\Controllers\Artikel->index()
#7 C:\xampp\htdocs\lab11_php_ci\ci4\system\CodeIgniter.php(497): CodeIgniter\CodeIgniter->runController(Object(App\Controllers\Artikel))
#8 C:\xampp\htdocs\lab11_php_ci\ci4\system\CodeIgniter.php(340): CodeIgniter\CodeIgniter->handleRequest(NULL, Object(Config\Cache), false)
#9 C:\xampp\htdocs\lab11_php_ci\ci4\system\Boot.php(417): CodeIgniter\CodeIgniter->run()
#10 C:\xampp\htdocs\lab11_php_ci\ci4\system\Boot.php(68): CodeIgniter\Boot::runCodeIgniter(Object(CodeIgniter\CodeIgniter))
#11 C:\xampp\htdocs\lab11_php_ci\ci4\public\index.php(71): CodeIgniter\Boot::bootWeb(Object(Config\Paths))
#12 C:\xampp\htdocs\lab11_php_ci\ci4\system\rewrite.php(44): require_once('C:\\xampp\\htdocs...')
#13 {main}

Next CodeIgniter\Database\Exceptions\DatabaseException: No connection could be made because the target machine actively refused it in C:\xampp\htdocs\lab11_php_ci\ci4\system\Database\MySQLi\Connection.php:231
Stack trace:
#0 C:\xampp\htdocs\lab11_php_ci\ci4\system\Database\BaseConnection.php(419): CodeIgniter\Database\MySQLi\Connection->connect(false)
#1 C:\xampp\htdocs\lab11_php_ci\ci4\system\Database\BaseConnection.php(654): CodeIgniter\Database\BaseConnection->initialize()
#2 C:\xampp\htdocs\lab11_php_ci\ci4\system\Database\BaseBuilder.php(1649): CodeIgniter\Database\BaseConnection->query('SELECT `artikel...', Array, false)
#3 C:\xampp\htdocs\lab11_php_ci\ci4\app\Models\ArtikelModel.php(17): CodeIgniter\Database\BaseBuilder->get()
#4 C:\xampp\htdocs\lab11_php_ci\ci4\app\Controllers\Artikel.php(13): App\Models\ArtikelModel->getArtikelDenganKategori()
#5 C:\xampp\htdocs\lab11_php_ci\ci4\system\CodeIgniter.php(951): App\Controllers\Artikel->index()
#6 C:\xampp\htdocs\lab11_php_ci\ci4\system\CodeIgniter.php(497): CodeIgniter\CodeIgniter->runController(Object(App\Controllers\Artikel))
#7 C:\xampp\htdocs\lab11_php_ci\ci4\system\CodeIgniter.php(340): CodeIgniter\CodeIgniter->handleRequest(NULL, Object(Config\Cache), false)
#8 C:\xampp\htdocs\lab11_php_ci\ci4\system\Boot.php(417): CodeIgniter\CodeIgniter->run()
#9 C:\xampp\htdocs\lab11_php_ci\ci4\system\Boot.php(68): CodeIgniter\Boot::runCodeIgniter(Object(CodeIgniter\CodeIgniter))
#10 C:\xampp\htdocs\lab11_php_ci\ci4\public\index.php(71): CodeIgniter\Boot::bootWeb(Object(Config\Paths))
#11 C:\xampp\htdocs\lab11_php_ci\ci4\system\rewrite.php(44): require_once('C:\\xampp\\htdocs...')
#12 {main}
CRITICAL - 2026-06-17 16:08:09 --> CodeIgniter\Database\Exceptions\DatabaseException: Unable to connect to the database.
Main connection [MySQLi]: No connection could be made because the target machine actively refused it
[Method: GET, Route: artikel]
in SYSTEMPATH\Database\BaseConnection.php on line 465.
 1 SYSTEMPATH\Database\BaseConnection.php(654): CodeIgniter\Database\BaseConnection->initialize()
 2 SYSTEMPATH\Database\BaseBuilder.php(1649): CodeIgniter\Database\BaseConnection->query('SELECT `artikel`.*, `kategori`.`nama_kategori`
FROM `artikel`
JOIN `kategori` ON `kategori`.`id_kategori` = `artikel`.`id_kategori`', [], false)
 3 APPPATH\Models\ArtikelModel.php(17): CodeIgniter\Database\BaseBuilder->get()
 4 APPPATH\Controllers\Artikel.php(13): App\Models\ArtikelModel->getArtikelDenganKategori()
 5 SYSTEMPATH\CodeIgniter.php(951): App\Controllers\Artikel->index()
 6 SYSTEMPATH\CodeIgniter.php(497): CodeIgniter\CodeIgniter->runController(Object(App\Controllers\Artikel))
 7 SYSTEMPATH\CodeIgniter.php(340): CodeIgniter\CodeIgniter->handleRequest(null, Object(Config\Cache), false)
 8 SYSTEMPATH\Boot.php(417): CodeIgniter\CodeIgniter->run()
 9 SYSTEMPATH\Boot.php(68): CodeIgniter\Boot::runCodeIgniter(Object(CodeIgniter\CodeIgniter))
10 FCPATH\index.php(71): CodeIgniter\Boot::bootWeb(Object(Config\Paths))
11 SYSTEMPATH\rewrite.php(44): require_once('C:\\xampp\\htdocs\\lab11_php_ci\\ci4\\public\\index.php')
ERROR - 2026-06-17 16:08:13 --> Error connecting to the database: mysqli_sql_exception: No connection could be made because the target machine actively refused it in C:\xampp\htdocs\lab11_php_ci\ci4\system\Database\MySQLi\Connection.php:201
Stack trace:
#0 C:\xampp\htdocs\lab11_php_ci\ci4\system\Database\MySQLi\Connection.php(201): mysqli->real_connect('localhost', 'root', Object(SensitiveParameterValue), 'ci4', 3306, '', 0)
#1 C:\xampp\htdocs\lab11_php_ci\ci4\system\Database\BaseConnection.php(419): CodeIgniter\Database\MySQLi\Connection->connect(false)
#2 C:\xampp\htdocs\lab11_php_ci\ci4\system\Database\BaseConnection.php(654): CodeIgniter\Database\BaseConnection->initialize()
#3 C:\xampp\htdocs\lab11_php_ci\ci4\system\Database\BaseBuilder.php(1649): CodeIgniter\Database\BaseConnection->query('SELECT `artikel...', Array, false)
#4 C:\xampp\htdocs\lab11_php_ci\ci4\app\Models\ArtikelModel.php(17): CodeIgniter\Database\BaseBuilder->get()
#5 C:\xampp\htdocs\lab11_php_ci\ci4\app\Controllers\Artikel.php(13): App\Models\ArtikelModel->getArtikelDenganKategori()
#6 C:\xampp\htdocs\lab11_php_ci\ci4\system\CodeIgniter.php(951): App\Controllers\Artikel->index()
#7 C:\xampp\htdocs\lab11_php_ci\ci4\system\CodeIgniter.php(497): CodeIgniter\CodeIgniter->runController(Object(App\Controllers\Artikel))
#8 C:\xampp\htdocs\lab11_php_ci\ci4\system\CodeIgniter.php(340): CodeIgniter\CodeIgniter->handleRequest(NULL, Object(Config\Cache), false)
#9 C:\xampp\htdocs\lab11_php_ci\ci4\system\Boot.php(417): CodeIgniter\CodeIgniter->run()
#10 C:\xampp\htdocs\lab11_php_ci\ci4\system\Boot.php(68): CodeIgniter\Boot::runCodeIgniter(Object(CodeIgniter\CodeIgniter))
#11 C:\xampp\htdocs\lab11_php_ci\ci4\public\index.php(71): CodeIgniter\Boot::bootWeb(Object(Config\Paths))
#12 C:\xampp\htdocs\lab11_php_ci\ci4\system\rewrite.php(44): require_once('C:\\xampp\\htdocs...')
#13 {main}

Next CodeIgniter\Database\Exceptions\DatabaseException: No connection could be made because the target machine actively refused it in C:\xampp\htdocs\lab11_php_ci\ci4\system\Database\MySQLi\Connection.php:231
Stack trace:
#0 C:\xampp\htdocs\lab11_php_ci\ci4\system\Database\BaseConnection.php(419): CodeIgniter\Database\MySQLi\Connection->connect(false)
#1 C:\xampp\htdocs\lab11_php_ci\ci4\system\Database\BaseConnection.php(654): CodeIgniter\Database\BaseConnection->initialize()
#2 C:\xampp\htdocs\lab11_php_ci\ci4\system\Database\BaseBuilder.php(1649): CodeIgniter\Database\BaseConnection->query('SELECT `artikel...', Array, false)
#3 C:\xampp\htdocs\lab11_php_ci\ci4\app\Models\ArtikelModel.php(17): CodeIgniter\Database\BaseBuilder->get()
#4 C:\xampp\htdocs\lab11_php_ci\ci4\app\Controllers\Artikel.php(13): App\Models\ArtikelModel->getArtikelDenganKategori()
#5 C:\xampp\htdocs\lab11_php_ci\ci4\system\CodeIgniter.php(951): App\Controllers\Artikel->index()
#6 C:\xampp\htdocs\lab11_php_ci\ci4\system\CodeIgniter.php(497): CodeIgniter\CodeIgniter->runController(Object(App\Controllers\Artikel))
#7 C:\xampp\htdocs\lab11_php_ci\ci4\system\CodeIgniter.php(340): CodeIgniter\CodeIgniter->handleRequest(NULL, Object(Config\Cache), false)
#8 C:\xampp\htdocs\lab11_php_ci\ci4\system\Boot.php(417): CodeIgniter\CodeIgniter->run()
#9 C:\xampp\htdocs\lab11_php_ci\ci4\system\Boot.php(68): CodeIgniter\Boot::runCodeIgniter(Object(CodeIgniter\CodeIgniter))
#10 C:\xampp\htdocs\lab11_php_ci\ci4\public\index.php(71): CodeIgniter\Boot::bootWeb(Object(Config\Paths))
#11 C:\xampp\htdocs\lab11_php_ci\ci4\system\rewrite.php(44): require_once('C:\\xampp\\htdocs...')
#12 {main}
CRITICAL - 2026-06-17 16:08:13 --> CodeIgniter\Database\Exceptions\DatabaseException: Unable to connect to the database.
Main connection [MySQLi]: No connection could be made because the target machine actively refused it
[Method: GET, Route: artikel]
in SYSTEMPATH\Database\BaseConnection.php on line 465.
 1 SYSTEMPATH\Database\BaseConnection.php(654): CodeIgniter\Database\BaseConnection->initialize()
 2 SYSTEMPATH\Database\BaseBuilder.php(1649): CodeIgniter\Database\BaseConnection->query('SELECT `artikel`.*, `kategori`.`nama_kategori`
FROM `artikel`
JOIN `kategori` ON `kategori`.`id_kategori` = `artikel`.`id_kategori`', [], false)
 3 APPPATH\Models\ArtikelModel.php(17): CodeIgniter\Database\BaseBuilder->get()
 4 APPPATH\Controllers\Artikel.php(13): App\Models\ArtikelModel->getArtikelDenganKategori()
 5 SYSTEMPATH\CodeIgniter.php(951): App\Controllers\Artikel->index()
 6 SYSTEMPATH\CodeIgniter.php(497): CodeIgniter\CodeIgniter->runController(Object(App\Controllers\Artikel))
 7 SYSTEMPATH\CodeIgniter.php(340): CodeIgniter\CodeIgniter->handleRequest(null, Object(Config\Cache), false)
 8 SYSTEMPATH\Boot.php(417): CodeIgniter\CodeIgniter->run()
 9 SYSTEMPATH\Boot.php(68): CodeIgniter\Boot::runCodeIgniter(Object(CodeIgniter\CodeIgniter))
10 FCPATH\index.php(71): CodeIgniter\Boot::bootWeb(Object(Config\Paths))
11 SYSTEMPATH\rewrite.php(44): require_once('C:\\xampp\\htdocs\\lab11_php_ci\\ci4\\public\\index.php')
ERROR - 2026-06-17 16:08:17 --> Error connecting to the database: mysqli_sql_exception: No connection could be made because the target machine actively refused it in C:\xampp\htdocs\lab11_php_ci\ci4\system\Database\MySQLi\Connection.php:201
Stack trace:
#0 C:\xampp\htdocs\lab11_php_ci\ci4\system\Database\MySQLi\Connection.php(201): mysqli->real_connect('localhost', 'root', Object(SensitiveParameterValue), 'ci4', 3306, '', 0)
#1 C:\xampp\htdocs\lab11_php_ci\ci4\system\Database\BaseConnection.php(419): CodeIgniter\Database\MySQLi\Connection->connect(false)
#2 C:\xampp\htdocs\lab11_php_ci\ci4\system\Database\BaseConnection.php(654): CodeIgniter\Database\BaseConnection->initialize()
#3 C:\xampp\htdocs\lab11_php_ci\ci4\system\Database\BaseBuilder.php(1649): CodeIgniter\Database\BaseConnection->query('SELECT `artikel...', Array, false)
#4 C:\xampp\htdocs\lab11_php_ci\ci4\app\Models\ArtikelModel.php(17): CodeIgniter\Database\BaseBuilder->get()
#5 C:\xampp\htdocs\lab11_php_ci\ci4\app\Controllers\Artikel.php(13): App\Models\ArtikelModel->getArtikelDenganKategori()
#6 C:\xampp\htdocs\lab11_php_ci\ci4\system\CodeIgniter.php(951): App\Controllers\Artikel->index()
#7 C:\xampp\htdocs\lab11_php_ci\ci4\system\CodeIgniter.php(497): CodeIgniter\CodeIgniter->runController(Object(App\Controllers\Artikel))
#8 C:\xampp\htdocs\lab11_php_ci\ci4\system\CodeIgniter.php(340): CodeIgniter\CodeIgniter->handleRequest(NULL, Object(Config\Cache), false)
#9 C:\xampp\htdocs\lab11_php_ci\ci4\system\Boot.php(417): CodeIgniter\CodeIgniter->run()
#10 C:\xampp\htdocs\lab11_php_ci\ci4\system\Boot.php(68): CodeIgniter\Boot::runCodeIgniter(Object(CodeIgniter\CodeIgniter))
#11 C:\xampp\htdocs\lab11_php_ci\ci4\public\index.php(71): CodeIgniter\Boot::bootWeb(Object(Config\Paths))
#12 C:\xampp\htdocs\lab11_php_ci\ci4\system\rewrite.php(44): require_once('C:\\xampp\\htdocs...')
#13 {main}

Next CodeIgniter\Database\Exceptions\DatabaseException: No connection could be made because the target machine actively refused it in C:\xampp\htdocs\lab11_php_ci\ci4\system\Database\MySQLi\Connection.php:231
Stack trace:
#0 C:\xampp\htdocs\lab11_php_ci\ci4\system\Database\BaseConnection.php(419): CodeIgniter\Database\MySQLi\Connection->connect(false)
#1 C:\xampp\htdocs\lab11_php_ci\ci4\system\Database\BaseConnection.php(654): CodeIgniter\Database\BaseConnection->initialize()
#2 C:\xampp\htdocs\lab11_php_ci\ci4\system\Database\BaseBuilder.php(1649): CodeIgniter\Database\BaseConnection->query('SELECT `artikel...', Array, false)
#3 C:\xampp\htdocs\lab11_php_ci\ci4\app\Models\ArtikelModel.php(17): CodeIgniter\Database\BaseBuilder->get()
#4 C:\xampp\htdocs\lab11_php_ci\ci4\app\Controllers\Artikel.php(13): App\Models\ArtikelModel->getArtikelDenganKategori()
#5 C:\xampp\htdocs\lab11_php_ci\ci4\system\CodeIgniter.php(951): App\Controllers\Artikel->index()
#6 C:\xampp\htdocs\lab11_php_ci\ci4\system\CodeIgniter.php(497): CodeIgniter\CodeIgniter->runController(Object(App\Controllers\Artikel))
#7 C:\xampp\htdocs\lab11_php_ci\ci4\system\CodeIgniter.php(340): CodeIgniter\CodeIgniter->handleRequest(NULL, Object(Config\Cache), false)
#8 C:\xampp\htdocs\lab11_php_ci\ci4\system\Boot.php(417): CodeIgniter\CodeIgniter->run()
#9 C:\xampp\htdocs\lab11_php_ci\ci4\system\Boot.php(68): CodeIgniter\Boot::runCodeIgniter(Object(CodeIgniter\CodeIgniter))
#10 C:\xampp\htdocs\lab11_php_ci\ci4\public\index.php(71): CodeIgniter\Boot::bootWeb(Object(Config\Paths))
#11 C:\xampp\htdocs\lab11_php_ci\ci4\system\rewrite.php(44): require_once('C:\\xampp\\htdocs...')
#12 {main}
CRITICAL - 2026-06-17 16:08:17 --> CodeIgniter\Database\Exceptions\DatabaseException: Unable to connect to the database.
Main connection [MySQLi]: No connection could be made because the target machine actively refused it
[Method: GET, Route: artikel]
in SYSTEMPATH\Database\BaseConnection.php on line 465.
 1 SYSTEMPATH\Database\BaseConnection.php(654): CodeIgniter\Database\BaseConnection->initialize()
 2 SYSTEMPATH\Database\BaseBuilder.php(1649): CodeIgniter\Database\BaseConnection->query('SELECT `artikel`.*, `kategori`.`nama_kategori`
FROM `artikel`
JOIN `kategori` ON `kategori`.`id_kategori` = `artikel`.`id_kategori`', [], false)
 3 APPPATH\Models\ArtikelModel.php(17): CodeIgniter\Database\BaseBuilder->get()
 4 APPPATH\Controllers\Artikel.php(13): App\Models\ArtikelModel->getArtikelDenganKategori()
 5 SYSTEMPATH\CodeIgniter.php(951): App\Controllers\Artikel->index()
 6 SYSTEMPATH\CodeIgniter.php(497): CodeIgniter\CodeIgniter->runController(Object(App\Controllers\Artikel))
 7 SYSTEMPATH\CodeIgniter.php(340): CodeIgniter\CodeIgniter->handleRequest(null, Object(Config\Cache), false)
 8 SYSTEMPATH\Boot.php(417): CodeIgniter\CodeIgniter->run()
 9 SYSTEMPATH\Boot.php(68): CodeIgniter\Boot::runCodeIgniter(Object(CodeIgniter\CodeIgniter))
10 FCPATH\index.php(71): CodeIgniter\Boot::bootWeb(Object(Config\Paths))
11 SYSTEMPATH\rewrite.php(44): require_once('C:\\xampp\\htdocs\\lab11_php_ci\\ci4\\public\\index.php')
ERROR - 2026-06-17 16:08:22 --> Error connecting to the database: mysqli_sql_exception: No connection could be made because the target machine actively refused it in C:\xampp\htdocs\lab11_php_ci\ci4\system\Database\MySQLi\Connection.php:201
Stack trace:
#0 C:\xampp\htdocs\lab11_php_ci\ci4\system\Database\MySQLi\Connection.php(201): mysqli->real_connect('localhost', 'root', Object(SensitiveParameterValue), 'ci4', 3306, '', 0)
#1 C:\xampp\htdocs\lab11_php_ci\ci4\system\Database\BaseConnection.php(419): CodeIgniter\Database\MySQLi\Connection->connect(false)
#2 C:\xampp\htdocs\lab11_php_ci\ci4\system\Database\BaseConnection.php(654): CodeIgniter\Database\BaseConnection->initialize()
#3 C:\xampp\htdocs\lab11_php_ci\ci4\system\Database\BaseBuilder.php(1649): CodeIgniter\Database\BaseConnection->query('SELECT *\nFROM `...', Array, false)
#4 C:\xampp\htdocs\lab11_php_ci\ci4\system\Model.php(254): CodeIgniter\Database\BaseBuilder->get()
#5 C:\xampp\htdocs\lab11_php_ci\ci4\system\BaseModel.php(675): CodeIgniter\Model->doFindAll(0, 0)
#6 C:\xampp\htdocs\lab11_php_ci\ci4\app\Cells\ArtikelTerkini.php(19): CodeIgniter\BaseModel->findAll()
#7 C:\xampp\htdocs\lab11_php_ci\ci4\system\View\Cell.php(304): App\Cells\ArtikelTerkini->render()
#8 C:\xampp\htdocs\lab11_php_ci\ci4\system\View\Cell.php(106): CodeIgniter\View\Cell->renderSimpleClass(Object(App\Cells\ArtikelTerkini), 'render', Array, 'App\\Cells\\Artik...')
#9 C:\xampp\htdocs\lab11_php_ci\ci4\system\Common.php(1266): CodeIgniter\View\Cell->render('App\\Cells\\Artik...', Array, 0, 'AppCellsArtikel...')
#10 C:\xampp\htdocs\lab11_php_ci\ci4\app\Views\layout\main.php(37): view_cell('App\\Cells\\Artik...')
#11 C:\xampp\htdocs\lab11_php_ci\ci4\system\View\View.php(238): include('C:\\xampp\\htdocs...')
#12 C:\xampp\htdocs\lab11_php_ci\ci4\system\View\View.php(241): CodeIgniter\View\View->CodeIgniter\View\{closure}()
#13 C:\xampp\htdocs\lab11_php_ci\ci4\system\View\View.php(254): CodeIgniter\View\View->render('layout/main', Array, true)
#14 C:\xampp\htdocs\lab11_php_ci\ci4\system\Common.php(1250): CodeIgniter\View\View->render('about', Array, true)
#15 C:\xampp\htdocs\lab11_php_ci\ci4\app\Controllers\Page.php(25): view('about', Array)
#16 C:\xampp\htdocs\lab11_php_ci\ci4\system\CodeIgniter.php(951): App\Controllers\Page->about()
#17 C:\xampp\htdocs\lab11_php_ci\ci4\system\CodeIgniter.php(497): CodeIgniter\CodeIgniter->runController(Object(App\Controllers\Page))
#18 C:\xampp\htdocs\lab11_php_ci\ci4\system\CodeIgniter.php(340): CodeIgniter\CodeIgniter->handleRequest(NULL, Object(Config\Cache), false)
#19 C:\xampp\htdocs\lab11_php_ci\ci4\system\Boot.php(417): CodeIgniter\CodeIgniter->run()
#20 C:\xampp\htdocs\lab11_php_ci\ci4\system\Boot.php(68): CodeIgniter\Boot::runCodeIgniter(Object(CodeIgniter\CodeIgniter))
#21 C:\xampp\htdocs\lab11_php_ci\ci4\public\index.php(71): CodeIgniter\Boot::bootWeb(Object(Config\Paths))
#22 C:\xampp\htdocs\lab11_php_ci\ci4\system\rewrite.php(44): require_once('C:\\xampp\\htdocs...')
#23 {main}

Next CodeIgniter\Database\Exceptions\DatabaseException: No connection could be made because the target machine actively refused it in C:\xampp\htdocs\lab11_php_ci\ci4\system\Database\MySQLi\Connection.php:231
Stack trace:
#0 C:\xampp\htdocs\lab11_php_ci\ci4\system\Database\BaseConnection.php(419): CodeIgniter\Database\MySQLi\Connection->connect(false)
#1 C:\xampp\htdocs\lab11_php_ci\ci4\system\Database\BaseConnection.php(654): CodeIgniter\Database\BaseConnection->initialize()
#2 C:\xampp\htdocs\lab11_php_ci\ci4\system\Database\BaseBuilder.php(1649): CodeIgniter\Database\BaseConnection->query('SELECT *\nFROM `...', Array, false)
#3 C:\xampp\htdocs\lab11_php_ci\ci4\system\Model.php(254): CodeIgniter\Database\BaseBuilder->get()
#4 C:\xampp\htdocs\lab11_php_ci\ci4\system\BaseModel.php(675): CodeIgniter\Model->doFindAll(0, 0)
#5 C:\xampp\htdocs\lab11_php_ci\ci4\app\Cells\ArtikelTerkini.php(19): CodeIgniter\BaseModel->findAll()
#6 C:\xampp\htdocs\lab11_php_ci\ci4\system\View\Cell.php(304): App\Cells\ArtikelTerkini->render()
#7 C:\xampp\htdocs\lab11_php_ci\ci4\system\View\Cell.php(106): CodeIgniter\View\Cell->renderSimpleClass(Object(App\Cells\ArtikelTerkini), 'render', Array, 'App\\Cells\\Artik...')
#8 C:\xampp\htdocs\lab11_php_ci\ci4\system\Common.php(1266): CodeIgniter\View\Cell->render('App\\Cells\\Artik...', Array, 0, 'AppCellsArtikel...')
#9 C:\xampp\htdocs\lab11_php_ci\ci4\app\Views\layout\main.php(37): view_cell('App\\Cells\\Artik...')
#10 C:\xampp\htdocs\lab11_php_ci\ci4\system\View\View.php(238): include('C:\\xampp\\htdocs...')
#11 C:\xampp\htdocs\lab11_php_ci\ci4\system\View\View.php(241): CodeIgniter\View\View->CodeIgniter\View\{closure}()
#12 C:\xampp\htdocs\lab11_php_ci\ci4\system\View\View.php(254): CodeIgniter\View\View->render('layout/main', Array, true)
#13 C:\xampp\htdocs\lab11_php_ci\ci4\system\Common.php(1250): CodeIgniter\View\View->render('about', Array, true)
#14 C:\xampp\htdocs\lab11_php_ci\ci4\app\Controllers\Page.php(25): view('about', Array)
#15 C:\xampp\htdocs\lab11_php_ci\ci4\system\CodeIgniter.php(951): App\Controllers\Page->about()
#16 C:\xampp\htdocs\lab11_php_ci\ci4\system\CodeIgniter.php(497): CodeIgniter\CodeIgniter->runController(Object(App\Controllers\Page))
#17 C:\xampp\htdocs\lab11_php_ci\ci4\system\CodeIgniter.php(340): CodeIgniter\CodeIgniter->handleRequest(NULL, Object(Config\Cache), false)
#18 C:\xampp\htdocs\lab11_php_ci\ci4\system\Boot.php(417): CodeIgniter\CodeIgniter->run()
#19 C:\xampp\htdocs\lab11_php_ci\ci4\system\Boot.php(68): CodeIgniter\Boot::runCodeIgniter(Object(CodeIgniter\CodeIgniter))
#20 C:\xampp\htdocs\lab11_php_ci\ci4\public\index.php(71): CodeIgniter\Boot::bootWeb(Object(Config\Paths))
#21 C:\xampp\htdocs\lab11_php_ci\ci4\system\rewrite.php(44): require_once('C:\\xampp\\htdocs...')
#22 {main}
CRITICAL - 2026-06-17 16:08:22 --> CodeIgniter\Database\Exceptions\DatabaseException: Unable to connect to the database.
Main connection [MySQLi]: No connection could be made because the target machine actively refused it
[Method: GET, Route: about]
in SYSTEMPATH\Database\BaseConnection.php on line 465.
 1 SYSTEMPATH\Database\BaseConnection.php(654): CodeIgniter\Database\BaseConnection->initialize()
 2 SYSTEMPATH\Database\BaseBuilder.php(1649): CodeIgniter\Database\BaseConnection->query('SELECT *
FROM `artikel`
ORDER BY `id` DESC
 LIMIT 5', [], false)
 3 SYSTEMPATH\Model.php(254): CodeIgniter\Database\BaseBuilder->get()
 4 SYSTEMPATH\BaseModel.php(675): CodeIgniter\Model->doFindAll(0, 0)
 5 APPPATH\Cells\ArtikelTerkini.php(19): CodeIgniter\BaseModel->findAll()
 6 SYSTEMPATH\View\Cell.php(304): App\Cells\ArtikelTerkini->render()
 7 SYSTEMPATH\View\Cell.php(106): CodeIgniter\View\Cell->renderSimpleClass(Object(App\Cells\ArtikelTerkini), 'render', [], 'App\\Cells\\ArtikelTerkini')
 8 SYSTEMPATH\Common.php(1266): CodeIgniter\View\Cell->render('App\\Cells\\ArtikelTerkini::render', [], 0, 'AppCellsArtikelTerkinirender40cd750bba9870f18aada2478b24840a')
 9 APPPATH\Views\layout\main.php(37): view_cell('App\\Cells\\ArtikelTerkini::render')
10 SYSTEMPATH\View\View.php(238): include('C:\\xampp\\htdocs\\lab11_php_ci\\ci4\\app\\Views\\layout\\main.php')
11 SYSTEMPATH\View\View.php(241): CodeIgniter\View\View->CodeIgniter\View\{closure}()
12 SYSTEMPATH\View\View.php(254): CodeIgniter\View\View->render('layout/main', [], true)
13 SYSTEMPATH\Common.php(1250): CodeIgniter\View\View->render('about', [], true)
14 APPPATH\Controllers\Page.php(25): view('about', [...])
15 SYSTEMPATH\CodeIgniter.php(951): App\Controllers\Page->about()
16 SYSTEMPATH\CodeIgniter.php(497): CodeIgniter\CodeIgniter->runController(Object(App\Controllers\Page))
17 SYSTEMPATH\CodeIgniter.php(340): CodeIgniter\CodeIgniter->handleRequest(null, Object(Config\Cache), false)
18 SYSTEMPATH\Boot.php(417): CodeIgniter\CodeIgniter->run()
19 SYSTEMPATH\Boot.php(68): CodeIgniter\Boot::runCodeIgniter(Object(CodeIgniter\CodeIgniter))
20 FCPATH\index.php(71): CodeIgniter\Boot::bootWeb(Object(Config\Paths))
21 SYSTEMPATH\rewrite.php(44): require_once('C:\\xampp\\htdocs\\lab11_php_ci\\ci4\\public\\index.php')
ERROR - 2026-06-17 16:08:26 --> Error connecting to the database: mysqli_sql_exception: No connection could be made because the target machine actively refused it in C:\xampp\htdocs\lab11_php_ci\ci4\system\Database\MySQLi\Connection.php:201
Stack trace:
#0 C:\xampp\htdocs\lab11_php_ci\ci4\system\Database\MySQLi\Connection.php(201): mysqli->real_connect('localhost', 'root', Object(SensitiveParameterValue), 'ci4', 3306, '', 0)
#1 C:\xampp\htdocs\lab11_php_ci\ci4\system\Database\BaseConnection.php(419): CodeIgniter\Database\MySQLi\Connection->connect(false)
#2 C:\xampp\htdocs\lab11_php_ci\ci4\system\Database\BaseConnection.php(654): CodeIgniter\Database\BaseConnection->initialize()
#3 C:\xampp\htdocs\lab11_php_ci\ci4\system\Database\BaseBuilder.php(1649): CodeIgniter\Database\BaseConnection->query('SELECT *\nFROM `...', Array, false)
#4 C:\xampp\htdocs\lab11_php_ci\ci4\system\Model.php(254): CodeIgniter\Database\BaseBuilder->get()
#5 C:\xampp\htdocs\lab11_php_ci\ci4\system\BaseModel.php(675): CodeIgniter\Model->doFindAll(0, 0)
#6 C:\xampp\htdocs\lab11_php_ci\ci4\app\Cells\ArtikelTerkini.php(19): CodeIgniter\BaseModel->findAll()
#7 C:\xampp\htdocs\lab11_php_ci\ci4\system\View\Cell.php(304): App\Cells\ArtikelTerkini->render()
#8 C:\xampp\htdocs\lab11_php_ci\ci4\system\View\Cell.php(106): CodeIgniter\View\Cell->renderSimpleClass(Object(App\Cells\ArtikelTerkini), 'render', Array, 'App\\Cells\\Artik...')
#9 C:\xampp\htdocs\lab11_php_ci\ci4\system\Common.php(1266): CodeIgniter\View\Cell->render('App\\Cells\\Artik...', Array, 0, 'AppCellsArtikel...')
#10 C:\xampp\htdocs\lab11_php_ci\ci4\app\Views\layout\main.php(37): view_cell('App\\Cells\\Artik...')
#11 C:\xampp\htdocs\lab11_php_ci\ci4\system\View\View.php(238): include('C:\\xampp\\htdocs...')
#12 C:\xampp\htdocs\lab11_php_ci\ci4\system\View\View.php(241): CodeIgniter\View\View->CodeIgniter\View\{closure}()
#13 C:\xampp\htdocs\lab11_php_ci\ci4\system\View\View.php(254): CodeIgniter\View\View->render('layout/main', Array, true)
#14 C:\xampp\htdocs\lab11_php_ci\ci4\system\Common.php(1250): CodeIgniter\View\View->render('contact', Array, true)
#15 C:\xampp\htdocs\lab11_php_ci\ci4\app\Controllers\Page.php(33): view('contact', Array)
#16 C:\xampp\htdocs\lab11_php_ci\ci4\system\CodeIgniter.php(951): App\Controllers\Page->contact()
#17 C:\xampp\htdocs\lab11_php_ci\ci4\system\CodeIgniter.php(497): CodeIgniter\CodeIgniter->runController(Object(App\Controllers\Page))
#18 C:\xampp\htdocs\lab11_php_ci\ci4\system\CodeIgniter.php(340): CodeIgniter\CodeIgniter->handleRequest(NULL, Object(Config\Cache), false)
#19 C:\xampp\htdocs\lab11_php_ci\ci4\system\Boot.php(417): CodeIgniter\CodeIgniter->run()
#20 C:\xampp\htdocs\lab11_php_ci\ci4\system\Boot.php(68): CodeIgniter\Boot::runCodeIgniter(Object(CodeIgniter\CodeIgniter))
#21 C:\xampp\htdocs\lab11_php_ci\ci4\public\index.php(71): CodeIgniter\Boot::bootWeb(Object(Config\Paths))
#22 C:\xampp\htdocs\lab11_php_ci\ci4\system\rewrite.php(44): require_once('C:\\xampp\\htdocs...')
#23 {main}

Next CodeIgniter\Database\Exceptions\DatabaseException: No connection could be made because the target machine actively refused it in C:\xampp\htdocs\lab11_php_ci\ci4\system\Database\MySQLi\Connection.php:231
Stack trace:
#0 C:\xampp\htdocs\lab11_php_ci\ci4\system\Database\BaseConnection.php(419): CodeIgniter\Database\MySQLi\Connection->connect(false)
#1 C:\xampp\htdocs\lab11_php_ci\ci4\system\Database\BaseConnection.php(654): CodeIgniter\Database\BaseConnection->initialize()
#2 C:\xampp\htdocs\lab11_php_ci\ci4\system\Database\BaseBuilder.php(1649): CodeIgniter\Database\BaseConnection->query('SELECT *\nFROM `...', Array, false)
#3 C:\xampp\htdocs\lab11_php_ci\ci4\system\Model.php(254): CodeIgniter\Database\BaseBuilder->get()
#4 C:\xampp\htdocs\lab11_php_ci\ci4\system\BaseModel.php(675): CodeIgniter\Model->doFindAll(0, 0)
#5 C:\xampp\htdocs\lab11_php_ci\ci4\app\Cells\ArtikelTerkini.php(19): CodeIgniter\BaseModel->findAll()
#6 C:\xampp\htdocs\lab11_php_ci\ci4\system\View\Cell.php(304): App\Cells\ArtikelTerkini->render()
#7 C:\xampp\htdocs\lab11_php_ci\ci4\system\View\Cell.php(106): CodeIgniter\View\Cell->renderSimpleClass(Object(App\Cells\ArtikelTerkini), 'render', Array, 'App\\Cells\\Artik...')
#8 C:\xampp\htdocs\lab11_php_ci\ci4\system\Common.php(1266): CodeIgniter\View\Cell->render('App\\Cells\\Artik...', Array, 0, 'AppCellsArtikel...')
#9 C:\xampp\htdocs\lab11_php_ci\ci4\app\Views\layout\main.php(37): view_cell('App\\Cells\\Artik...')
#10 C:\xampp\htdocs\lab11_php_ci\ci4\system\View\View.php(238): include('C:\\xampp\\htdocs...')
#11 C:\xampp\htdocs\lab11_php_ci\ci4\system\View\View.php(241): CodeIgniter\View\View->CodeIgniter\View\{closure}()
#12 C:\xampp\htdocs\lab11_php_ci\ci4\system\View\View.php(254): CodeIgniter\View\View->render('layout/main', Array, true)
#13 C:\xampp\htdocs\lab11_php_ci\ci4\system\Common.php(1250): CodeIgniter\View\View->render('contact', Array, true)
#14 C:\xampp\htdocs\lab11_php_ci\ci4\app\Controllers\Page.php(33): view('contact', Array)
#15 C:\xampp\htdocs\lab11_php_ci\ci4\system\CodeIgniter.php(951): App\Controllers\Page->contact()
#16 C:\xampp\htdocs\lab11_php_ci\ci4\system\CodeIgniter.php(497): CodeIgniter\CodeIgniter->runController(Object(App\Controllers\Page))
#17 C:\xampp\htdocs\lab11_php_ci\ci4\system\CodeIgniter.php(340): CodeIgniter\CodeIgniter->handleRequest(NULL, Object(Config\Cache), false)
#18 C:\xampp\htdocs\lab11_php_ci\ci4\system\Boot.php(417): CodeIgniter\CodeIgniter->run()
#19 C:\xampp\htdocs\lab11_php_ci\ci4\system\Boot.php(68): CodeIgniter\Boot::runCodeIgniter(Object(CodeIgniter\CodeIgniter))
#20 C:\xampp\htdocs\lab11_php_ci\ci4\public\index.php(71): CodeIgniter\Boot::bootWeb(Object(Config\Paths))
#21 C:\xampp\htdocs\lab11_php_ci\ci4\system\rewrite.php(44): require_once('C:\\xampp\\htdocs...')
#22 {main}
CRITICAL - 2026-06-17 16:08:26 --> CodeIgniter\Database\Exceptions\DatabaseException: Unable to connect to the database.
Main connection [MySQLi]: No connection could be made because the target machine actively refused it
[Method: GET, Route: contact]
in SYSTEMPATH\Database\BaseConnection.php on line 465.
 1 SYSTEMPATH\Database\BaseConnection.php(654): CodeIgniter\Database\BaseConnection->initialize()
 2 SYSTEMPATH\Database\BaseBuilder.php(1649): CodeIgniter\Database\BaseConnection->query('SELECT *
FROM `artikel`
ORDER BY `id` DESC
 LIMIT 5', [], false)
 3 SYSTEMPATH\Model.php(254): CodeIgniter\Database\BaseBuilder->get()
 4 SYSTEMPATH\BaseModel.php(675): CodeIgniter\Model->doFindAll(0, 0)
 5 APPPATH\Cells\ArtikelTerkini.php(19): CodeIgniter\BaseModel->findAll()
 6 SYSTEMPATH\View\Cell.php(304): App\Cells\ArtikelTerkini->render()
 7 SYSTEMPATH\View\Cell.php(106): CodeIgniter\View\Cell->renderSimpleClass(Object(App\Cells\ArtikelTerkini), 'render', [], 'App\\Cells\\ArtikelTerkini')
 8 SYSTEMPATH\Common.php(1266): CodeIgniter\View\Cell->render('App\\Cells\\ArtikelTerkini::render', [], 0, 'AppCellsArtikelTerkinirender40cd750bba9870f18aada2478b24840a')
 9 APPPATH\Views\layout\main.php(37): view_cell('App\\Cells\\ArtikelTerkini::render')
10 SYSTEMPATH\View\View.php(238): include('C:\\xampp\\htdocs\\lab11_php_ci\\ci4\\app\\Views\\layout\\main.php')
11 SYSTEMPATH\View\View.php(241): CodeIgniter\View\View->CodeIgniter\View\{closure}()
12 SYSTEMPATH\View\View.php(254): CodeIgniter\View\View->render('layout/main', [], true)
13 SYSTEMPATH\Common.php(1250): CodeIgniter\View\View->render('contact', [], true)
14 APPPATH\Controllers\Page.php(33): view('contact', [...])
15 SYSTEMPATH\CodeIgniter.php(951): App\Controllers\Page->contact()
16 SYSTEMPATH\CodeIgniter.php(497): CodeIgniter\CodeIgniter->runController(Object(App\Controllers\Page))
17 SYSTEMPATH\CodeIgniter.php(340): CodeIgniter\CodeIgniter->handleRequest(null, Object(Config\Cache), false)
18 SYSTEMPATH\Boot.php(417): CodeIgniter\CodeIgniter->run()
19 SYSTEMPATH\Boot.php(68): CodeIgniter\Boot::runCodeIgniter(Object(CodeIgniter\CodeIgniter))
20 FCPATH\index.php(71): CodeIgniter\Boot::bootWeb(Object(Config\Paths))
21 SYSTEMPATH\rewrite.php(44): require_once('C:\\xampp\\htdocs\\lab11_php_ci\\ci4\\public\\index.php')
ERROR - 2026-06-17 16:16:25 --> Error connecting to the database: mysqli_sql_exception: No connection could be made because the target machine actively refused it in C:\xampp\htdocs\lab11_php_ci\ci4\system\Database\MySQLi\Connection.php:201
Stack trace:
#0 C:\xampp\htdocs\lab11_php_ci\ci4\system\Database\MySQLi\Connection.php(201): mysqli->real_connect('localhost', 'root', Object(SensitiveParameterValue), 'ci4', 3306, '', 0)
#1 C:\xampp\htdocs\lab11_php_ci\ci4\system\Database\BaseConnection.php(419): CodeIgniter\Database\MySQLi\Connection->connect(false)
#2 C:\xampp\htdocs\lab11_php_ci\ci4\system\Database\BaseConnection.php(654): CodeIgniter\Database\BaseConnection->initialize()
#3 C:\xampp\htdocs\lab11_php_ci\ci4\system\Database\BaseBuilder.php(1649): CodeIgniter\Database\BaseConnection->query('SELECT *\nFROM `...', Array, false)
#4 C:\xampp\htdocs\lab11_php_ci\ci4\system\Model.php(254): CodeIgniter\Database\BaseBuilder->get()
#5 C:\xampp\htdocs\lab11_php_ci\ci4\system\BaseModel.php(675): CodeIgniter\Model->doFindAll(0, 0)
#6 C:\xampp\htdocs\lab11_php_ci\ci4\app\Cells\ArtikelTerkini.php(19): CodeIgniter\BaseModel->findAll()
#7 C:\xampp\htdocs\lab11_php_ci\ci4\system\View\Cell.php(304): App\Cells\ArtikelTerkini->render()
#8 C:\xampp\htdocs\lab11_php_ci\ci4\system\View\Cell.php(106): CodeIgniter\View\Cell->renderSimpleClass(Object(App\Cells\ArtikelTerkini), 'render', Array, 'App\\Cells\\Artik...')
#9 C:\xampp\htdocs\lab11_php_ci\ci4\system\Common.php(1266): CodeIgniter\View\Cell->render('App\\Cells\\Artik...', Array, 0, 'AppCellsArtikel...')
#10 C:\xampp\htdocs\lab11_php_ci\ci4\app\Views\layout\main.php(37): view_cell('App\\Cells\\Artik...')
#11 C:\xampp\htdocs\lab11_php_ci\ci4\system\View\View.php(238): include('C:\\xampp\\htdocs...')
#12 C:\xampp\htdocs\lab11_php_ci\ci4\system\View\View.php(241): CodeIgniter\View\View->CodeIgniter\View\{closure}()
#13 C:\xampp\htdocs\lab11_php_ci\ci4\system\View\View.php(254): CodeIgniter\View\View->render('layout/main', Array, true)
#14 C:\xampp\htdocs\lab11_php_ci\ci4\system\Common.php(1250): CodeIgniter\View\View->render('contact', Array, true)
#15 C:\xampp\htdocs\lab11_php_ci\ci4\app\Controllers\Page.php(33): view('contact', Array)
#16 C:\xampp\htdocs\lab11_php_ci\ci4\system\CodeIgniter.php(951): App\Controllers\Page->contact()
#17 C:\xampp\htdocs\lab11_php_ci\ci4\system\CodeIgniter.php(497): CodeIgniter\CodeIgniter->runController(Object(App\Controllers\Page))
#18 C:\xampp\htdocs\lab11_php_ci\ci4\system\CodeIgniter.php(340): CodeIgniter\CodeIgniter->handleRequest(NULL, Object(Config\Cache), false)
#19 C:\xampp\htdocs\lab11_php_ci\ci4\system\Boot.php(417): CodeIgniter\CodeIgniter->run()
#20 C:\xampp\htdocs\lab11_php_ci\ci4\system\Boot.php(68): CodeIgniter\Boot::runCodeIgniter(Object(CodeIgniter\CodeIgniter))
#21 C:\xampp\htdocs\lab11_php_ci\ci4\public\index.php(71): CodeIgniter\Boot::bootWeb(Object(Config\Paths))
#22 C:\xampp\htdocs\lab11_php_ci\ci4\system\rewrite.php(44): require_once('C:\\xampp\\htdocs...')
#23 {main}

Next CodeIgniter\Database\Exceptions\DatabaseException: No connection could be made because the target machine actively refused it in C:\xampp\htdocs\lab11_php_ci\ci4\system\Database\MySQLi\Connection.php:231
Stack trace:
#0 C:\xampp\htdocs\lab11_php_ci\ci4\system\Database\BaseConnection.php(419): CodeIgniter\Database\MySQLi\Connection->connect(false)
#1 C:\xampp\htdocs\lab11_php_ci\ci4\system\Database\BaseConnection.php(654): CodeIgniter\Database\BaseConnection->initialize()
#2 C:\xampp\htdocs\lab11_php_ci\ci4\system\Database\BaseBuilder.php(1649): CodeIgniter\Database\BaseConnection->query('SELECT *\nFROM `...', Array, false)
#3 C:\xampp\htdocs\lab11_php_ci\ci4\system\Model.php(254): CodeIgniter\Database\BaseBuilder->get()
#4 C:\xampp\htdocs\lab11_php_ci\ci4\system\BaseModel.php(675): CodeIgniter\Model->doFindAll(0, 0)
#5 C:\xampp\htdocs\lab11_php_ci\ci4\app\Cells\ArtikelTerkini.php(19): CodeIgniter\BaseModel->findAll()
#6 C:\xampp\htdocs\lab11_php_ci\ci4\system\View\Cell.php(304): App\Cells\ArtikelTerkini->render()
#7 C:\xampp\htdocs\lab11_php_ci\ci4\system\View\Cell.php(106): CodeIgniter\View\Cell->renderSimpleClass(Object(App\Cells\ArtikelTerkini), 'render', Array, 'App\\Cells\\Artik...')
#8 C:\xampp\htdocs\lab11_php_ci\ci4\system\Common.php(1266): CodeIgniter\View\Cell->render('App\\Cells\\Artik...', Array, 0, 'AppCellsArtikel...')
#9 C:\xampp\htdocs\lab11_php_ci\ci4\app\Views\layout\main.php(37): view_cell('App\\Cells\\Artik...')
#10 C:\xampp\htdocs\lab11_php_ci\ci4\system\View\View.php(238): include('C:\\xampp\\htdocs...')
#11 C:\xampp\htdocs\lab11_php_ci\ci4\system\View\View.php(241): CodeIgniter\View\View->CodeIgniter\View\{closure}()
#12 C:\xampp\htdocs\lab11_php_ci\ci4\system\View\View.php(254): CodeIgniter\View\View->render('layout/main', Array, true)
#13 C:\xampp\htdocs\lab11_php_ci\ci4\system\Common.php(1250): CodeIgniter\View\View->render('contact', Array, true)
#14 C:\xampp\htdocs\lab11_php_ci\ci4\app\Controllers\Page.php(33): view('contact', Array)
#15 C:\xampp\htdocs\lab11_php_ci\ci4\system\CodeIgniter.php(951): App\Controllers\Page->contact()
#16 C:\xampp\htdocs\lab11_php_ci\ci4\system\CodeIgniter.php(497): CodeIgniter\CodeIgniter->runController(Object(App\Controllers\Page))
#17 C:\xampp\htdocs\lab11_php_ci\ci4\system\CodeIgniter.php(340): CodeIgniter\CodeIgniter->handleRequest(NULL, Object(Config\Cache), false)
#18 C:\xampp\htdocs\lab11_php_ci\ci4\system\Boot.php(417): CodeIgniter\CodeIgniter->run()
#19 C:\xampp\htdocs\lab11_php_ci\ci4\system\Boot.php(68): CodeIgniter\Boot::runCodeIgniter(Object(CodeIgniter\CodeIgniter))
#20 C:\xampp\htdocs\lab11_php_ci\ci4\public\index.php(71): CodeIgniter\Boot::bootWeb(Object(Config\Paths))
#21 C:\xampp\htdocs\lab11_php_ci\ci4\system\rewrite.php(44): require_once('C:\\xampp\\htdocs...')
#22 {main}
CRITICAL - 2026-06-17 16:16:25 --> CodeIgniter\Database\Exceptions\DatabaseException: Unable to connect to the database.
Main connection [MySQLi]: No connection could be made because the target machine actively refused it
[Method: GET, Route: contact]
in SYSTEMPATH\Database\BaseConnection.php on line 465.
 1 SYSTEMPATH\Database\BaseConnection.php(654): CodeIgniter\Database\BaseConnection->initialize()
 2 SYSTEMPATH\Database\BaseBuilder.php(1649): CodeIgniter\Database\BaseConnection->query('SELECT *
FROM `artikel`
ORDER BY `id` DESC
 LIMIT 5', [], false)
 3 SYSTEMPATH\Model.php(254): CodeIgniter\Database\BaseBuilder->get()
 4 SYSTEMPATH\BaseModel.php(675): CodeIgniter\Model->doFindAll(0, 0)
 5 APPPATH\Cells\ArtikelTerkini.php(19): CodeIgniter\BaseModel->findAll()
 6 SYSTEMPATH\View\Cell.php(304): App\Cells\ArtikelTerkini->render()
 7 SYSTEMPATH\View\Cell.php(106): CodeIgniter\View\Cell->renderSimpleClass(Object(App\Cells\ArtikelTerkini), 'render', [], 'App\\Cells\\ArtikelTerkini')
 8 SYSTEMPATH\Common.php(1266): CodeIgniter\View\Cell->render('App\\Cells\\ArtikelTerkini::render', [], 0, 'AppCellsArtikelTerkinirender40cd750bba9870f18aada2478b24840a')
 9 APPPATH\Views\layout\main.php(37): view_cell('App\\Cells\\ArtikelTerkini::render')
10 SYSTEMPATH\View\View.php(238): include('C:\\xampp\\htdocs\\lab11_php_ci\\ci4\\app\\Views\\layout\\main.php')
11 SYSTEMPATH\View\View.php(241): CodeIgniter\View\View->CodeIgniter\View\{closure}()
12 SYSTEMPATH\View\View.php(254): CodeIgniter\View\View->render('layout/main', [], true)
13 SYSTEMPATH\Common.php(1250): CodeIgniter\View\View->render('contact', [], true)
14 APPPATH\Controllers\Page.php(33): view('contact', [...])
15 SYSTEMPATH\CodeIgniter.php(951): App\Controllers\Page->contact()
16 SYSTEMPATH\CodeIgniter.php(497): CodeIgniter\CodeIgniter->runController(Object(App\Controllers\Page))
17 SYSTEMPATH\CodeIgniter.php(340): CodeIgniter\CodeIgniter->handleRequest(null, Object(Config\Cache), false)
18 SYSTEMPATH\Boot.php(417): CodeIgniter\CodeIgniter->run()
19 SYSTEMPATH\Boot.php(68): CodeIgniter\Boot::runCodeIgniter(Object(CodeIgniter\CodeIgniter))
20 FCPATH\index.php(71): CodeIgniter\Boot::bootWeb(Object(Config\Paths))
21 SYSTEMPATH\rewrite.php(44): require_once('C:\\xampp\\htdocs\\lab11_php_ci\\ci4\\public\\index.php')
ERROR - 2026-06-17 16:20:20 --> Error connecting to the database: mysqli_sql_exception: No connection could be made because the target machine actively refused it in C:\xampp\htdocs\lab11_php_ci\ci4\system\Database\MySQLi\Connection.php:201
Stack trace:
#0 C:\xampp\htdocs\lab11_php_ci\ci4\system\Database\MySQLi\Connection.php(201): mysqli->real_connect('localhost', 'root', Object(SensitiveParameterValue), 'ci4', 3306, '', 0)
#1 C:\xampp\htdocs\lab11_php_ci\ci4\system\Database\BaseConnection.php(419): CodeIgniter\Database\MySQLi\Connection->connect(false)
#2 C:\xampp\htdocs\lab11_php_ci\ci4\system\Database\BaseConnection.php(654): CodeIgniter\Database\BaseConnection->initialize()
#3 C:\xampp\htdocs\lab11_php_ci\ci4\system\Database\BaseBuilder.php(1649): CodeIgniter\Database\BaseConnection->query('SELECT *\nFROM `...', Array, false)
#4 C:\xampp\htdocs\lab11_php_ci\ci4\system\Model.php(254): CodeIgniter\Database\BaseBuilder->get()
#5 C:\xampp\htdocs\lab11_php_ci\ci4\system\BaseModel.php(675): CodeIgniter\Model->doFindAll(0, 0)
#6 C:\xampp\htdocs\lab11_php_ci\ci4\app\Cells\ArtikelTerkini.php(19): CodeIgniter\BaseModel->findAll()
#7 C:\xampp\htdocs\lab11_php_ci\ci4\system\View\Cell.php(304): App\Cells\ArtikelTerkini->render()
#8 C:\xampp\htdocs\lab11_php_ci\ci4\system\View\Cell.php(106): CodeIgniter\View\Cell->renderSimpleClass(Object(App\Cells\ArtikelTerkini), 'render', Array, 'App\\Cells\\Artik...')
#9 C:\xampp\htdocs\lab11_php_ci\ci4\system\Common.php(1266): CodeIgniter\View\Cell->render('App\\Cells\\Artik...', Array, 0, 'AppCellsArtikel...')
#10 C:\xampp\htdocs\lab11_php_ci\ci4\app\Views\layout\main.php(37): view_cell('App\\Cells\\Artik...')
#11 C:\xampp\htdocs\lab11_php_ci\ci4\system\View\View.php(238): include('C:\\xampp\\htdocs...')
#12 C:\xampp\htdocs\lab11_php_ci\ci4\system\View\View.php(241): CodeIgniter\View\View->CodeIgniter\View\{closure}()
#13 C:\xampp\htdocs\lab11_php_ci\ci4\system\View\View.php(254): CodeIgniter\View\View->render('layout/main', Array, true)
#14 C:\xampp\htdocs\lab11_php_ci\ci4\system\Common.php(1250): CodeIgniter\View\View->render('home', Array, true)
#15 C:\xampp\htdocs\lab11_php_ci\ci4\app\Controllers\Page.php(9): view('home', Array)
#16 C:\xampp\htdocs\lab11_php_ci\ci4\system\CodeIgniter.php(951): App\Controllers\Page->index()
#17 C:\xampp\htdocs\lab11_php_ci\ci4\system\CodeIgniter.php(497): CodeIgniter\CodeIgniter->runController(Object(App\Controllers\Page))
#18 C:\xampp\htdocs\lab11_php_ci\ci4\system\CodeIgniter.php(340): CodeIgniter\CodeIgniter->handleRequest(NULL, Object(Config\Cache), false)
#19 C:\xampp\htdocs\lab11_php_ci\ci4\system\Boot.php(417): CodeIgniter\CodeIgniter->run()
#20 C:\xampp\htdocs\lab11_php_ci\ci4\system\Boot.php(68): CodeIgniter\Boot::runCodeIgniter(Object(CodeIgniter\CodeIgniter))
#21 C:\xampp\htdocs\lab11_php_ci\ci4\public\index.php(71): CodeIgniter\Boot::bootWeb(Object(Config\Paths))
#22 C:\xampp\htdocs\lab11_php_ci\ci4\system\rewrite.php(44): require_once('C:\\xampp\\htdocs...')
#23 {main}

Next CodeIgniter\Database\Exceptions\DatabaseException: No connection could be made because the target machine actively refused it in C:\xampp\htdocs\lab11_php_ci\ci4\system\Database\MySQLi\Connection.php:231
Stack trace:
#0 C:\xampp\htdocs\lab11_php_ci\ci4\system\Database\BaseConnection.php(419): CodeIgniter\Database\MySQLi\Connection->connect(false)
#1 C:\xampp\htdocs\lab11_php_ci\ci4\system\Database\BaseConnection.php(654): CodeIgniter\Database\BaseConnection->initialize()
#2 C:\xampp\htdocs\lab11_php_ci\ci4\system\Database\BaseBuilder.php(1649): CodeIgniter\Database\BaseConnection->query('SELECT *\nFROM `...', Array, false)
#3 C:\xampp\htdocs\lab11_php_ci\ci4\system\Model.php(254): CodeIgniter\Database\BaseBuilder->get()
#4 C:\xampp\htdocs\lab11_php_ci\ci4\system\BaseModel.php(675): CodeIgniter\Model->doFindAll(0, 0)
#5 C:\xampp\htdocs\lab11_php_ci\ci4\app\Cells\ArtikelTerkini.php(19): CodeIgniter\BaseModel->findAll()
#6 C:\xampp\htdocs\lab11_php_ci\ci4\system\View\Cell.php(304): App\Cells\ArtikelTerkini->render()
#7 C:\xampp\htdocs\lab11_php_ci\ci4\system\View\Cell.php(106): CodeIgniter\View\Cell->renderSimpleClass(Object(App\Cells\ArtikelTerkini), 'render', Array, 'App\\Cells\\Artik...')
#8 C:\xampp\htdocs\lab11_php_ci\ci4\system\Common.php(1266): CodeIgniter\View\Cell->render('App\\Cells\\Artik...', Array, 0, 'AppCellsArtikel...')
#9 C:\xampp\htdocs\lab11_php_ci\ci4\app\Views\layout\main.php(37): view_cell('App\\Cells\\Artik...')
#10 C:\xampp\htdocs\lab11_php_ci\ci4\system\View\View.php(238): include('C:\\xampp\\htdocs...')
#11 C:\xampp\htdocs\lab11_php_ci\ci4\system\View\View.php(241): CodeIgniter\View\View->CodeIgniter\View\{closure}()
#12 C:\xampp\htdocs\lab11_php_ci\ci4\system\View\View.php(254): CodeIgniter\View\View->render('layout/main', Array, true)
#13 C:\xampp\htdocs\lab11_php_ci\ci4\system\Common.php(1250): CodeIgniter\View\View->render('home', Array, true)
#14 C:\xampp\htdocs\lab11_php_ci\ci4\app\Controllers\Page.php(9): view('home', Array)
#15 C:\xampp\htdocs\lab11_php_ci\ci4\system\CodeIgniter.php(951): App\Controllers\Page->index()
#16 C:\xampp\htdocs\lab11_php_ci\ci4\system\CodeIgniter.php(497): CodeIgniter\CodeIgniter->runController(Object(App\Controllers\Page))
#17 C:\xampp\htdocs\lab11_php_ci\ci4\system\CodeIgniter.php(340): CodeIgniter\CodeIgniter->handleRequest(NULL, Object(Config\Cache), false)
#18 C:\xampp\htdocs\lab11_php_ci\ci4\system\Boot.php(417): CodeIgniter\CodeIgniter->run()
#19 C:\xampp\htdocs\lab11_php_ci\ci4\system\Boot.php(68): CodeIgniter\Boot::runCodeIgniter(Object(CodeIgniter\CodeIgniter))
#20 C:\xampp\htdocs\lab11_php_ci\ci4\public\index.php(71): CodeIgniter\Boot::bootWeb(Object(Config\Paths))
#21 C:\xampp\htdocs\lab11_php_ci\ci4\system\rewrite.php(44): require_once('C:\\xampp\\htdocs...')
#22 {main}
CRITICAL - 2026-06-17 16:20:20 --> CodeIgniter\Database\Exceptions\DatabaseException: Unable to connect to the database.
Main connection [MySQLi]: No connection could be made because the target machine actively refused it
[Method: GET, Route: /]
in SYSTEMPATH\Database\BaseConnection.php on line 465.
 1 SYSTEMPATH\Database\BaseConnection.php(654): CodeIgniter\Database\BaseConnection->initialize()
 2 SYSTEMPATH\Database\BaseBuilder.php(1649): CodeIgniter\Database\BaseConnection->query('SELECT *
FROM `artikel`
ORDER BY `id` DESC
 LIMIT 5', [], false)
 3 SYSTEMPATH\Model.php(254): CodeIgniter\Database\BaseBuilder->get()
 4 SYSTEMPATH\BaseModel.php(675): CodeIgniter\Model->doFindAll(0, 0)
 5 APPPATH\Cells\ArtikelTerkini.php(19): CodeIgniter\BaseModel->findAll()
 6 SYSTEMPATH\View\Cell.php(304): App\Cells\ArtikelTerkini->render()
 7 SYSTEMPATH\View\Cell.php(106): CodeIgniter\View\Cell->renderSimpleClass(Object(App\Cells\ArtikelTerkini), 'render', [], 'App\\Cells\\ArtikelTerkini')
 8 SYSTEMPATH\Common.php(1266): CodeIgniter\View\Cell->render('App\\Cells\\ArtikelTerkini::render', [], 0, 'AppCellsArtikelTerkinirender40cd750bba9870f18aada2478b24840a')
 9 APPPATH\Views\layout\main.php(37): view_cell('App\\Cells\\ArtikelTerkini::render')
10 SYSTEMPATH\View\View.php(238): include('C:\\xampp\\htdocs\\lab11_php_ci\\ci4\\app\\Views\\layout\\main.php')
11 SYSTEMPATH\View\View.php(241): CodeIgniter\View\View->CodeIgniter\View\{closure}()
12 SYSTEMPATH\View\View.php(254): CodeIgniter\View\View->render('layout/main', [], true)
13 SYSTEMPATH\Common.php(1250): CodeIgniter\View\View->render('home', [], true)
14 APPPATH\Controllers\Page.php(9): view('home', [...])
15 SYSTEMPATH\CodeIgniter.php(951): App\Controllers\Page->index()
16 SYSTEMPATH\CodeIgniter.php(497): CodeIgniter\CodeIgniter->runController(Object(App\Controllers\Page))
17 SYSTEMPATH\CodeIgniter.php(340): CodeIgniter\CodeIgniter->handleRequest(null, Object(Config\Cache), false)
18 SYSTEMPATH\Boot.php(417): CodeIgniter\CodeIgniter->run()
19 SYSTEMPATH\Boot.php(68): CodeIgniter\Boot::runCodeIgniter(Object(CodeIgniter\CodeIgniter))
20 FCPATH\index.php(71): CodeIgniter\Boot::bootWeb(Object(Config\Paths))
21 SYSTEMPATH\rewrite.php(44): require_once('C:\\xampp\\htdocs\\lab11_php_ci\\ci4\\public\\index.php')
